dia_entrega,inicio_utc,inicio_local,precio_previsto,precio_real,ingenua
2026-09-12,2026-09-11 22:00:00,2026-09-12 00:00,187.26,212.62,237.45
2026-09-12,2026-09-11 22:15:00,2026-09-12 00:15,184.38,207.22,231.30
2026-09-12,2026-09-11 22:30:00,2026-09-12 00:30,179.30,204.32,227.50
2026-09-12,2026-09-11 22:45:00,2026-09-12 00:45,175.70,199.05,226.03
2026-09-12,2026-09-11 23:00:00,2026-09-12 01:00,175.33,205.88,225.35
2026-09-12,2026-09-11 23:15:00,2026-09-12 01:15,171.13,199.05,224.00
2026-09-12,2026-09-11 23:30:00,2026-09-12 01:30,166.72,197.21,212.03
2026-09-12,2026-09-11 23:45:00,2026-09-12 01:45,163.25,194.00,207.50
2026-09-12,2026-09-12 00:00:00,2026-09-12 02:00,184.78,197.97,207.60
2026-09-12,2026-09-12 00:15:00,2026-09-12 02:15,182.29,198.57,206.87
2026-09-12,2026-09-12 00:30:00,2026-09-12 02:30,177.39,195.00,200.00
2026-09-12,2026-09-12 00:45:00,2026-09-12 02:45,175.78,194.00,197.50
2026-09-12,2026-09-12 01:00:00,2026-09-12 03:00,177.20,190.18,200.00
2026-09-12,2026-09-12 01:15:00,2026-09-12 03:15,176.61,189.82,200.00
2026-09-12,2026-09-12 01:30:00,2026-09-12 03:30,175.81,188.60,197.21
2026-09-12,2026-09-12 01:45:00,2026-09-12 03:45,175.42,188.60,197.21
2026-09-12,2026-09-12 02:00:00,2026-09-12 04:00,174.02,184.50,197.21
2026-09-12,2026-09-12 02:15:00,2026-09-12 04:15,173.57,182.43,197.21
2026-09-12,2026-09-12 02:30:00,2026-09-12 04:30,173.40,185.00,197.21
2026-09-12,2026-09-12 02:45:00,2026-09-12 04:45,172.95,185.00,197.21
2026-09-12,2026-09-12 03:00:00,2026-09-12 05:00,173.95,184.50,196.90
2026-09-12,2026-09-12 03:15:00,2026-09-12 05:15,173.60,185.20,197.21
2026-09-12,2026-09-12 03:30:00,2026-09-12 05:30,173.63,186.37,197.21
2026-09-12,2026-09-12 03:45:00,2026-09-12 05:45,175.70,188.60,197.21
2026-09-12,2026-09-12 04:00:00,2026-09-12 06:00,187.38,190.15,195.00
2026-09-12,2026-09-12 04:15:00,2026-09-12 06:15,192.15,191.12,205.00
2026-09-12,2026-09-12 04:30:00,2026-09-12 06:30,193.57,193.71,208.29
2026-09-12,2026-09-12 04:45:00,2026-09-12 06:45,196.00,191.76,216.12
2026-09-12,2026-09-12 05:00:00,2026-09-12 07:00,214.05,196.03,222.86
2026-09-12,2026-09-12 05:15:00,2026-09-12 07:15,215.43,196.70,225.00
2026-09-12,2026-09-12 05:30:00,2026-09-12 07:30,215.47,191.12,225.34
2026-09-12,2026-09-12 05:45:00,2026-09-12 07:45,215.21,186.80,223.90
2026-09-12,2026-09-12 06:00:00,2026-09-12 08:00,212.42,200.75,234.20
2026-09-12,2026-09-12 06:15:00,2026-09-12 08:15,199.84,188.62,226.00
2026-09-12,2026-09-12 06:30:00,2026-09-12 08:30,186.71,161.01,215.00
2026-09-12,2026-09-12 06:45:00,2026-09-12 08:45,162.03,128.28,188.12
2026-09-12,2026-09-12 07:00:00,2026-09-12 09:00,107.50,128.28,207.16
2026-09-12,2026-09-12 07:15:00,2026-09-12 09:15,86.45,106.59,184.50
2026-09-12,2026-09-12 07:30:00,2026-09-12 09:30,58.29,80.00,142.28
2026-09-12,2026-09-12 07:45:00,2026-09-12 09:45,27.36,10.01,103.85
2026-09-12,2026-09-12 08:00:00,2026-09-12 10:00,22.66,5.88,94.45
2026-09-12,2026-09-12 08:15:00,2026-09-12 10:15,13.87,1.08,80.00
2026-09-12,2026-09-12 08:30:00,2026-09-12 10:30,12.98,0.52,39.10
2026-09-12,2026-09-12 08:45:00,2026-09-12 10:45,-0.56,0.10,38.99
2026-09-12,2026-09-12 09:00:00,2026-09-12 11:00,-0.56,0.10,50.36
2026-09-12,2026-09-12 09:15:00,2026-09-12 11:15,-0.56,0.01,38.77
2026-09-12,2026-09-12 09:30:00,2026-09-12 11:30,-0.56,0.00,30.00
2026-09-12,2026-09-12 09:45:00,2026-09-12 11:45,-0.56,0.00,21.05
2026-09-12,2026-09-12 10:00:00,2026-09-12 12:00,-0.56,0.00,27.00
2026-09-12,2026-09-12 10:15:00,2026-09-12 12:15,-0.56,0.00,27.00
2026-09-12,2026-09-12 10:30:00,2026-09-12 12:30,-0.56,0.00,20.33
2026-09-12,2026-09-12 10:45:00,2026-09-12 12:45,-0.56,0.00,15.49
2026-09-12,2026-09-12 11:00:00,2026-09-12 13:00,-0.56,0.00,15.39
2026-09-12,2026-09-12 11:15:00,2026-09-12 13:15,-0.56,0.00,15.47
2026-09-12,2026-09-12 11:30:00,2026-09-12 13:30,-0.56,0.00,15.47
2026-09-12,2026-09-12 11:45:00,2026-09-12 13:45,-0.56,0.00,11.87
2026-09-12,2026-09-12 12:00:00,2026-09-12 14:00,-0.56,0.00,10.10
2026-09-12,2026-09-12 12:15:00,2026-09-12 14:15,-0.56,0.00,12.96
2026-09-12,2026-09-12 12:30:00,2026-09-12 14:30,-0.56,0.00,10.01
2026-09-12,2026-09-12 12:45:00,2026-09-12 14:45,-0.56,0.00,10.01
2026-09-12,2026-09-12 13:00:00,2026-09-12 15:00,-0.56,0.00,10.01
2026-09-12,2026-09-12 13:15:00,2026-09-12 15:15,-0.56,0.00,10.01
2026-09-12,2026-09-12 13:30:00,2026-09-12 15:30,-0.56,0.00,10.01
2026-09-12,2026-09-12 13:45:00,2026-09-12 15:45,-0.56,0.00,10.01
2026-09-12,2026-09-12 14:00:00,2026-09-12 16:00,-0.56,0.00,10.01
2026-09-12,2026-09-12 14:15:00,2026-09-12 16:15,-0.56,0.00,14.30
2026-09-12,2026-09-12 14:30:00,2026-09-12 16:30,-0.56,0.01,20.10
2026-09-12,2026-09-12 14:45:00,2026-09-12 16:45,-0.56,0.28,35.00
2026-09-12,2026-09-12 15:00:00,2026-09-12 17:00,-0.56,1.00,39.10
2026-09-12,2026-09-12 15:15:00,2026-09-12 17:15,-0.56,1.08,60.00
2026-09-12,2026-09-12 15:30:00,2026-09-12 17:30,24.92,1.08,79.00
2026-09-12,2026-09-12 15:45:00,2026-09-12 17:45,32.70,3.43,89.06
2026-09-12,2026-09-12 16:00:00,2026-09-12 18:00,27.98,1.50,57.99
2026-09-12,2026-09-12 16:15:00,2026-09-12 18:15,41.99,38.77,90.00
2026-09-12,2026-09-12 16:30:00,2026-09-12 18:30,63.14,90.65,123.14
2026-09-12,2026-09-12 16:45:00,2026-09-12 18:45,75.37,123.27,139.00
2026-09-12,2026-09-12 17:00:00,2026-09-12 19:00,108.13,123.14,150.00
2026-09-12,2026-09-12 17:15:00,2026-09-12 19:15,149.87,159.57,188.12
2026-09-12,2026-09-12 17:30:00,2026-09-12 19:30,169.05,191.12,219.32
2026-09-12,2026-09-12 17:45:00,2026-09-12 19:45,180.37,213.63,228.03
2026-09-12,2026-09-12 18:00:00,2026-09-12 20:00,212.17,210.99,227.50
2026-09-12,2026-09-12 18:15:00,2026-09-12 20:15,222.19,211.17,243.69
2026-09-12,2026-09-12 18:30:00,2026-09-12 20:30,231.13,210.92,250.00
2026-09-12,2026-09-12 18:45:00,2026-09-12 20:45,233.27,207.69,250.01
2026-09-12,2026-09-12 19:00:00,2026-09-12 21:00,225.89,210.75,240.00
2026-09-12,2026-09-12 19:15:00,2026-09-12 21:15,225.63,204.94,237.76
2026-09-12,2026-09-12 19:30:00,2026-09-12 21:30,222.99,201.95,230.44
2026-09-12,2026-09-12 19:45:00,2026-09-12 21:45,219.60,197.17,227.50
2026-09-12,2026-09-12 20:00:00,2026-09-12 22:00,220.26,200.94,225.00
2026-09-12,2026-09-12 20:15:00,2026-09-12 22:15,217.42,198.92,220.00
2026-09-12,2026-09-12 20:30:00,2026-09-12 22:30,211.90,199.40,208.96
2026-09-12,2026-09-12 20:45:00,2026-09-12 22:45,204.27,195.10,200.00
2026-09-12,2026-09-12 21:00:00,2026-09-12 23:00,207.58,195.28,198.01
2026-09-12,2026-09-12 21:15:00,2026-09-12 23:15,201.22,191.12,194.40
2026-09-12,2026-09-12 21:30:00,2026-09-12 23:30,198.23,190.00,188.12
2026-09-12,2026-09-12 21:45:00,2026-09-12 23:45,194.01,187.50,187.76
2026-09-13,2026-09-12 22:00:00,2026-09-13 00:00,217.73,204.50,212.62
2026-09-13,2026-09-12 22:15:00,2026-09-13 00:15,216.38,200.00,207.22
2026-09-13,2026-09-12 22:30:00,2026-09-13 00:30,211.18,198.98,204.32
2026-09-13,2026-09-12 22:45:00,2026-09-13 00:45,207.67,199.50,199.05
2026-09-13,2026-09-12 23:00:00,2026-09-13 01:00,212.49,196.70,205.88
2026-09-13,2026-09-12 23:15:00,2026-09-13 01:15,207.97,195.20,199.05
2026-09-13,2026-09-12 23:30:00,2026-09-13 01:30,205.18,195.20,197.21
2026-09-13,2026-09-12 23:45:00,2026-09-13 01:45,202.79,190.00,194.00
2026-09-13,2026-09-13 00:00:00,2026-09-13 02:00,195.76,195.20,197.97
2026-09-13,2026-09-13 00:15:00,2026-09-13 02:15,194.79,194.94,198.57
2026-09-13,2026-09-13 00:30:00,2026-09-13 02:30,190.41,190.00,195.00
2026-09-13,2026-09-13 00:45:00,2026-09-13 02:45,189.03,189.28,194.00
2026-09-13,2026-09-13 01:00:00,2026-09-13 03:00,199.10,190.00,190.18
2026-09-13,2026-09-13 01:15:00,2026-09-13 03:15,199.44,186.12,189.82
2026-09-13,2026-09-13 01:30:00,2026-09-13 03:30,199.28,174.00,188.60
2026-09-13,2026-09-13 01:45:00,2026-09-13 03:45,199.04,173.67,188.60
2026-09-13,2026-09-13 02:00:00,2026-09-13 04:00,195.79,171.95,184.50
2026-09-13,2026-09-13 02:15:00,2026-09-13 04:15,193.96,170.84,182.43
2026-09-13,2026-09-13 02:30:00,2026-09-13 04:30,194.15,170.53,185.00
2026-09-13,2026-09-13 02:45:00,2026-09-13 04:45,194.00,170.01,185.00
2026-09-13,2026-09-13 03:00:00,2026-09-13 05:00,195.23,173.78,184.50
2026-09-13,2026-09-13 03:15:00,2026-09-13 05:15,195.28,177.10,185.20
2026-09-13,2026-09-13 03:30:00,2026-09-13 05:30,196.06,182.93,186.37
2026-09-13,2026-09-13 03:45:00,2026-09-13 05:45,197.31,190.00,188.60
2026-09-13,2026-09-13 04:00:00,2026-09-13 06:00,199.03,180.02,190.15
2026-09-13,2026-09-13 04:15:00,2026-09-13 06:15,200.85,189.28,191.12
2026-09-13,2026-09-13 04:30:00,2026-09-13 06:30,202.08,189.28,193.71
2026-09-13,2026-09-13 04:45:00,2026-09-13 06:45,203.16,189.50,191.76
2026-09-13,2026-09-13 05:00:00,2026-09-13 07:00,207.22,188.62,196.03
2026-09-13,2026-09-13 05:15:00,2026-09-13 07:15,207.57,189.40,196.70
2026-09-13,2026-09-13 05:30:00,2026-09-13 07:30,205.84,190.00,191.12
2026-09-13,2026-09-13 05:45:00,2026-09-13 07:45,205.01,192.88,186.80
2026-09-13,2026-09-13 06:00:00,2026-09-13 08:00,201.23,190.10,200.75
2026-09-13,2026-09-13 06:15:00,2026-09-13 08:15,189.10,173.56,188.62
2026-09-13,2026-09-13 06:30:00,2026-09-13 08:30,167.31,159.78,161.01
2026-09-13,2026-09-13 06:45:00,2026-09-13 08:45,113.99,135.00,128.28
2026-09-13,2026-09-13 07:00:00,2026-09-13 09:00,90.38,143.90,128.28
2026-09-13,2026-09-13 07:15:00,2026-09-13 09:15,56.00,110.00,106.59
2026-09-13,2026-09-13 07:30:00,2026-09-13 09:30,32.12,53.00,80.00
2026-09-13,2026-09-13 07:45:00,2026-09-13 09:45,-0.56,3.43,10.01
2026-09-13,2026-09-13 08:00:00,2026-09-13 10:00,-0.56,1.08,5.88
2026-09-13,2026-09-13 08:15:00,2026-09-13 10:15,-0.56,0.21,1.08
2026-09-13,2026-09-13 08:30:00,2026-09-13 10:30,-0.56,0.00,0.52
2026-09-13,2026-09-13 08:45:00,2026-09-13 10:45,-0.56,0.00,0.10
2026-09-13,2026-09-13 09:00:00,2026-09-13 11:00,-0.56,-0.01,0.10
2026-09-13,2026-09-13 09:15:00,2026-09-13 11:15,-0.56,-0.07,0.01
2026-09-13,2026-09-13 09:30:00,2026-09-13 11:30,-0.56,-0.19,0.00
2026-09-13,2026-09-13 09:45:00,2026-09-13 11:45,-0.56,-0.30,0.00
2026-09-13,2026-09-13 10:00:00,2026-09-13 12:00,-0.56,-0.30,0.00
2026-09-13,2026-09-13 10:15:00,2026-09-13 12:15,-0.56,-0.50,0.00
2026-09-13,2026-09-13 10:30:00,2026-09-13 12:30,-0.56,-0.30,0.00
2026-09-13,2026-09-13 10:45:00,2026-09-13 12:45,-0.56,0.00,0.00
2026-09-13,2026-09-13 11:00:00,2026-09-13 13:00,-0.56,0.00,0.00
2026-09-13,2026-09-13 11:15:00,2026-09-13 13:15,-0.56,0.00,0.00
2026-09-13,2026-09-13 11:30:00,2026-09-13 13:30,-0.56,0.00,0.00
2026-09-13,2026-09-13 11:45:00,2026-09-13 13:45,-0.56,0.00,0.00
2026-09-13,2026-09-13 12:00:00,2026-09-13 14:00,-0.56,0.00,0.00
2026-09-13,2026-09-13 12:15:00,2026-09-13 14:15,-0.56,-0.01,0.00
2026-09-13,2026-09-13 12:30:00,2026-09-13 14:30,-0.56,-0.01,0.00
2026-09-13,2026-09-13 12:45:00,2026-09-13 14:45,-0.56,-0.01,0.00
2026-09-13,2026-09-13 13:00:00,2026-09-13 15:00,-0.56,-0.01,0.00
2026-09-13,2026-09-13 13:15:00,2026-09-13 15:15,-0.56,-0.01,0.00
2026-09-13,2026-09-13 13:30:00,2026-09-13 15:30,-0.56,-0.01,0.00
2026-09-13,2026-09-13 13:45:00,2026-09-13 15:45,-0.56,-0.01,0.00
2026-09-13,2026-09-13 14:00:00,2026-09-13 16:00,-0.56,-0.01,0.00
2026-09-13,2026-09-13 14:15:00,2026-09-13 16:15,-0.56,0.00,0.00
2026-09-13,2026-09-13 14:30:00,2026-09-13 16:30,-0.56,0.00,0.01
2026-09-13,2026-09-13 14:45:00,2026-09-13 16:45,-0.56,0.00,0.28
2026-09-13,2026-09-13 15:00:00,2026-09-13 17:00,-0.56,0.01,1.00
2026-09-13,2026-09-13 15:15:00,2026-09-13 17:15,-0.56,0.21,1.08
2026-09-13,2026-09-13 15:30:00,2026-09-13 17:30,-0.56,0.51,1.08
2026-09-13,2026-09-13 15:45:00,2026-09-13 17:45,-0.56,1.20,3.43
2026-09-13,2026-09-13 16:00:00,2026-09-13 18:00,-0.56,7.51,1.50
2026-09-13,2026-09-13 16:15:00,2026-09-13 18:15,43.31,65.71,38.77
2026-09-13,2026-09-13 16:30:00,2026-09-13 18:30,73.31,105.40,90.65
2026-09-13,2026-09-13 16:45:00,2026-09-13 18:45,117.38,132.50,123.27
2026-09-13,2026-09-13 17:00:00,2026-09-13 19:00,131.71,130.00,123.14
2026-09-13,2026-09-13 17:15:00,2026-09-13 19:15,187.38,194.94,159.57
2026-09-13,2026-09-13 17:30:00,2026-09-13 19:30,213.93,213.50,191.12
2026-09-13,2026-09-13 17:45:00,2026-09-13 19:45,230.20,227.50,213.63
2026-09-13,2026-09-13 18:00:00,2026-09-13 20:00,233.67,228.80,210.99
2026-09-13,2026-09-13 18:15:00,2026-09-13 20:15,241.48,235.00,211.17
2026-09-13,2026-09-13 18:30:00,2026-09-13 20:30,243.11,237.53,210.92
2026-09-13,2026-09-13 18:45:00,2026-09-13 20:45,243.47,233.99,207.69
2026-09-13,2026-09-13 19:00:00,2026-09-13 21:00,239.68,235.33,210.75
2026-09-13,2026-09-13 19:15:00,2026-09-13 21:15,238.06,235.00,204.94
2026-09-13,2026-09-13 19:30:00,2026-09-13 21:30,235.72,231.65,201.95
2026-09-13,2026-09-13 19:45:00,2026-09-13 21:45,233.88,227.50,197.17
2026-09-13,2026-09-13 20:00:00,2026-09-13 22:00,227.98,232.43,200.94
2026-09-13,2026-09-13 20:15:00,2026-09-13 22:15,226.97,227.50,198.92
2026-09-13,2026-09-13 20:30:00,2026-09-13 22:30,224.48,227.50,199.40
2026-09-13,2026-09-13 20:45:00,2026-09-13 22:45,221.67,222.41,195.10
2026-09-13,2026-09-13 21:00:00,2026-09-13 23:00,217.39,220.53,195.28
2026-09-13,2026-09-13 21:15:00,2026-09-13 23:15,213.75,208.58,191.12
2026-09-13,2026-09-13 21:30:00,2026-09-13 23:30,212.16,207.24,190.00
2026-09-13,2026-09-13 21:45:00,2026-09-13 23:45,208.41,206.00,187.50
2026-09-14,2026-09-13 22:00:00,2026-09-14 00:00,222.14,218.18,204.50
2026-09-14,2026-09-13 22:15:00,2026-09-14 00:15,218.67,216.18,200.00
2026-09-14,2026-09-13 22:30:00,2026-09-14 00:30,218.45,215.50,198.98
2026-09-14,2026-09-13 22:45:00,2026-09-14 00:45,213.23,215.50,199.50
2026-09-14,2026-09-13 23:00:00,2026-09-14 01:00,218.17,212.50,196.70
2026-09-14,2026-09-13 23:15:00,2026-09-14 01:15,216.09,212.00,195.20
2026-09-14,2026-09-13 23:30:00,2026-09-14 01:30,214.73,208.03,195.20
2026-09-14,2026-09-13 23:45:00,2026-09-14 01:45,209.93,204.40,190.00
2026-09-14,2026-09-14 00:00:00,2026-09-14 02:00,194.91,203.11,195.20
2026-09-14,2026-09-14 00:15:00,2026-09-14 02:15,194.49,203.11,194.94
2026-09-14,2026-09-14 00:30:00,2026-09-14 02:30,192.87,203.11,190.00
2026-09-14,2026-09-14 00:45:00,2026-09-14 02:45,191.60,203.11,189.28
2026-09-14,2026-09-14 01:00:00,2026-09-14 03:00,203.45,200.00,190.00
2026-09-14,2026-09-14 01:15:00,2026-09-14 03:15,201.62,200.00,186.12
2026-09-14,2026-09-14 01:30:00,2026-09-14 03:30,197.11,200.00,174.00
2026-09-14,2026-09-14 01:45:00,2026-09-14 03:45,196.62,201.44,173.67
2026-09-14,2026-09-14 02:00:00,2026-09-14 04:00,195.22,200.18,171.95
2026-09-14,2026-09-14 02:15:00,2026-09-14 04:15,195.15,203.02,170.84
2026-09-14,2026-09-14 02:30:00,2026-09-14 04:30,195.54,203.02,170.53
2026-09-14,2026-09-14 02:45:00,2026-09-14 04:45,195.86,204.40,170.01
2026-09-14,2026-09-14 03:00:00,2026-09-14 05:00,202.10,202.94,173.78
2026-09-14,2026-09-14 03:15:00,2026-09-14 05:15,203.28,202.94,177.10
2026-09-14,2026-09-14 03:30:00,2026-09-14 05:30,206.62,208.57,182.93
2026-09-14,2026-09-14 03:45:00,2026-09-14 05:45,212.53,216.30,190.00
2026-09-14,2026-09-14 04:00:00,2026-09-14 06:00,215.96,217.24,180.02
2026-09-14,2026-09-14 04:15:00,2026-09-14 06:15,224.11,224.10,189.28
2026-09-14,2026-09-14 04:30:00,2026-09-14 06:30,225.92,236.16,189.28
2026-09-14,2026-09-14 04:45:00,2026-09-14 06:45,228.17,241.96,189.50
2026-09-14,2026-09-14 05:00:00,2026-09-14 07:00,233.33,242.04,188.62
2026-09-14,2026-09-14 05:15:00,2026-09-14 07:15,234.98,252.50,189.40
2026-09-14,2026-09-14 05:30:00,2026-09-14 07:30,235.99,260.00,190.00
2026-09-14,2026-09-14 05:45:00,2026-09-14 07:45,234.74,265.56,192.88
2026-09-14,2026-09-14 06:00:00,2026-09-14 08:00,238.20,290.00,190.10
2026-09-14,2026-09-14 06:15:00,2026-09-14 08:15,230.71,275.58,173.56
2026-09-14,2026-09-14 06:30:00,2026-09-14 08:30,223.73,265.46,159.78
2026-09-14,2026-09-14 06:45:00,2026-09-14 08:45,208.85,227.50,135.00
2026-09-14,2026-09-14 07:00:00,2026-09-14 09:00,215.92,260.00,143.90
2026-09-14,2026-09-14 07:15:00,2026-09-14 09:15,204.10,227.50,110.00
2026-09-14,2026-09-14 07:30:00,2026-09-14 09:30,179.67,203.94,53.00
2026-09-14,2026-09-14 07:45:00,2026-09-14 09:45,138.14,158.90,3.43
2026-09-14,2026-09-14 08:00:00,2026-09-14 10:00,141.13,159.34,1.08
2026-09-14,2026-09-14 08:15:00,2026-09-14 10:15,121.82,128.28,0.21
2026-09-14,2026-09-14 08:30:00,2026-09-14 10:30,104.39,119.14,0.00
2026-09-14,2026-09-14 08:45:00,2026-09-14 10:45,97.15,102.06,0.00
2026-09-14,2026-09-14 09:00:00,2026-09-14 11:00,90.57,84.25,-0.01
2026-09-14,2026-09-14 09:15:00,2026-09-14 11:15,80.02,60.00,-0.07
2026-09-14,2026-09-14 09:30:00,2026-09-14 11:30,67.50,50.00,-0.19
2026-09-14,2026-09-14 09:45:00,2026-09-14 11:45,62.93,45.01,-0.30
2026-09-14,2026-09-14 10:00:00,2026-09-14 12:00,72.73,45.01,-0.30
2026-09-14,2026-09-14 10:15:00,2026-09-14 12:15,68.29,45.01,-0.50
2026-09-14,2026-09-14 10:30:00,2026-09-14 12:30,65.05,43.10,-0.30
2026-09-14,2026-09-14 10:45:00,2026-09-14 12:45,62.47,45.01,0.00
2026-09-14,2026-09-14 11:00:00,2026-09-14 13:00,66.90,50.00,0.00
2026-09-14,2026-09-14 11:15:00,2026-09-14 13:15,63.97,50.00,0.00
2026-09-14,2026-09-14 11:30:00,2026-09-14 13:30,61.55,45.01,0.00
2026-09-14,2026-09-14 11:45:00,2026-09-14 13:45,58.98,45.01,0.00
2026-09-14,2026-09-14 12:00:00,2026-09-14 14:00,59.70,46.58,0.00
2026-09-14,2026-09-14 12:15:00,2026-09-14 14:15,57.81,50.00,-0.01
2026-09-14,2026-09-14 12:30:00,2026-09-14 14:30,57.69,50.00,-0.01
2026-09-14,2026-09-14 12:45:00,2026-09-14 14:45,57.35,50.00,-0.01
2026-09-14,2026-09-14 13:00:00,2026-09-14 15:00,48.49,57.99,-0.01
2026-09-14,2026-09-14 13:15:00,2026-09-14 15:15,48.44,60.00,-0.01
2026-09-14,2026-09-14 13:30:00,2026-09-14 15:30,53.36,65.00,-0.01
2026-09-14,2026-09-14 13:45:00,2026-09-14 15:45,54.40,65.00,-0.01
2026-09-14,2026-09-14 14:00:00,2026-09-14 16:00,63.99,70.00,-0.01
2026-09-14,2026-09-14 14:15:00,2026-09-14 16:15,72.71,78.00,0.00
2026-09-14,2026-09-14 14:30:00,2026-09-14 16:30,83.21,84.25,0.00
2026-09-14,2026-09-14 14:45:00,2026-09-14 16:45,92.10,90.00,0.00
2026-09-14,2026-09-14 15:00:00,2026-09-14 17:00,90.47,95.01,0.01
2026-09-14,2026-09-14 15:15:00,2026-09-14 17:15,109.01,110.00,0.21
2026-09-14,2026-09-14 15:30:00,2026-09-14 17:30,119.23,119.27,0.51
2026-09-14,2026-09-14 15:45:00,2026-09-14 17:45,125.55,132.50,1.20
2026-09-14,2026-09-14 16:00:00,2026-09-14 18:00,138.22,134.21,7.51
2026-09-14,2026-09-14 16:15:00,2026-09-14 18:15,168.01,166.63,65.71
2026-09-14,2026-09-14 16:30:00,2026-09-14 18:30,184.39,204.26,105.40
2026-09-14,2026-09-14 16:45:00,2026-09-14 18:45,206.80,220.27,132.50
2026-09-14,2026-09-14 17:00:00,2026-09-14 19:00,212.13,212.00,130.00
2026-09-14,2026-09-14 17:15:00,2026-09-14 19:15,243.81,224.00,194.94
2026-09-14,2026-09-14 17:30:00,2026-09-14 19:30,253.69,248.30,213.50
2026-09-14,2026-09-14 17:45:00,2026-09-14 19:45,275.08,300.00,227.50
2026-09-14,2026-09-14 18:00:00,2026-09-14 20:00,266.70,285.01,228.80
2026-09-14,2026-09-14 18:15:00,2026-09-14 20:15,269.33,300.00,235.00
2026-09-14,2026-09-14 18:30:00,2026-09-14 20:30,270.23,300.00,237.53
2026-09-14,2026-09-14 18:45:00,2026-09-14 20:45,269.91,300.00,233.99
2026-09-14,2026-09-14 19:00:00,2026-09-14 21:00,267.58,300.00,235.33
2026-09-14,2026-09-14 19:15:00,2026-09-14 21:15,265.14,299.61,235.00
2026-09-14,2026-09-14 19:30:00,2026-09-14 21:30,261.94,268.06,231.65
2026-09-14,2026-09-14 19:45:00,2026-09-14 21:45,255.94,248.81,227.50
2026-09-14,2026-09-14 20:00:00,2026-09-14 22:00,248.85,267.01,232.43
2026-09-14,2026-09-14 20:15:00,2026-09-14 22:15,247.05,250.01,227.50
2026-09-14,2026-09-14 20:30:00,2026-09-14 22:30,244.92,242.15,227.50
2026-09-14,2026-09-14 20:45:00,2026-09-14 22:45,238.87,224.67,222.41
2026-09-14,2026-09-14 21:00:00,2026-09-14 23:00,241.59,237.89,220.53
2026-09-14,2026-09-14 21:15:00,2026-09-14 23:15,226.36,225.00,208.58
2026-09-14,2026-09-14 21:30:00,2026-09-14 23:30,222.73,219.12,207.24
2026-09-14,2026-09-14 21:45:00,2026-09-14 23:45,218.41,215.50,206.00
2026-09-15,2026-09-14 22:00:00,2026-09-15 00:00,243.42,227.24,218.18
2026-09-15,2026-09-14 22:15:00,2026-09-15 00:15,233.09,226.75,216.18
2026-09-15,2026-09-14 22:30:00,2026-09-15 00:30,228.17,225.01,215.50
2026-09-15,2026-09-14 22:45:00,2026-09-15 00:45,222.71,224.00,215.50
2026-09-15,2026-09-14 23:00:00,2026-09-15 01:00,222.59,225.00,212.50
2026-09-15,2026-09-14 23:15:00,2026-09-15 01:15,219.86,219.62,212.00
2026-09-15,2026-09-14 23:30:00,2026-09-15 01:30,215.58,219.49,208.03
2026-09-15,2026-09-14 23:45:00,2026-09-15 01:45,211.41,215.76,204.40
2026-09-15,2026-09-15 00:00:00,2026-09-15 02:00,214.50,215.76,203.11
2026-09-15,2026-09-15 00:15:00,2026-09-15 02:15,213.47,214.18,203.11
2026-09-15,2026-09-15 00:30:00,2026-09-15 02:30,212.94,214.12,203.11
2026-09-15,2026-09-15 00:45:00,2026-09-15 02:45,212.00,214.03,203.11
2026-09-15,2026-09-15 01:00:00,2026-09-15 03:00,218.71,214.18,200.00
2026-09-15,2026-09-15 01:15:00,2026-09-15 03:15,218.63,214.12,200.00
2026-09-15,2026-09-15 01:30:00,2026-09-15 03:30,215.44,214.12,200.00
2026-09-15,2026-09-15 01:45:00,2026-09-15 03:45,215.23,214.12,201.44
2026-09-15,2026-09-15 02:00:00,2026-09-15 04:00,218.88,213.18,200.18
2026-09-15,2026-09-15 02:15:00,2026-09-15 04:15,218.99,213.18,203.02
2026-09-15,2026-09-15 02:30:00,2026-09-15 04:30,218.86,213.18,203.02
2026-09-15,2026-09-15 02:45:00,2026-09-15 04:45,218.99,213.18,204.40
2026-09-15,2026-09-15 03:00:00,2026-09-15 05:00,219.26,212.24,202.94
2026-09-15,2026-09-15 03:15:00,2026-09-15 05:15,219.42,212.60,202.94
2026-09-15,2026-09-15 03:30:00,2026-09-15 05:30,224.22,213.18,208.57
2026-09-15,2026-09-15 03:45:00,2026-09-15 05:45,226.68,216.62,216.30
2026-09-15,2026-09-15 04:00:00,2026-09-15 06:00,222.66,223.38,217.24
2026-09-15,2026-09-15 04:15:00,2026-09-15 06:15,236.45,231.20,224.10
2026-09-15,2026-09-15 04:30:00,2026-09-15 06:30,239.03,233.99,236.16
2026-09-15,2026-09-15 04:45:00,2026-09-15 06:45,242.55,246.00,241.96
2026-09-15,2026-09-15 05:00:00,2026-09-15 07:00,232.90,231.98,242.04
2026-09-15,2026-09-15 05:15:00,2026-09-15 07:15,238.44,237.27,252.50
2026-09-15,2026-09-15 05:30:00,2026-09-15 07:30,238.76,248.81,260.00
2026-09-15,2026-09-15 05:45:00,2026-09-15 07:45,237.77,243.78,265.56
2026-09-15,2026-09-15 06:00:00,2026-09-15 08:00,256.68,268.06,290.00
2026-09-15,2026-09-15 06:15:00,2026-09-15 08:15,258.35,241.51,275.58
2026-09-15,2026-09-15 06:30:00,2026-09-15 08:30,249.34,225.01,265.46
2026-09-15,2026-09-15 06:45:00,2026-09-15 08:45,249.68,197.87,227.50
2026-09-15,2026-09-15 07:00:00,2026-09-15 09:00,171.23,227.50,260.00
2026-09-15,2026-09-15 07:15:00,2026-09-15 09:15,160.75,212.60,227.50
2026-09-15,2026-09-15 07:30:00,2026-09-15 09:30,149.70,189.72,203.94
2026-09-15,2026-09-15 07:45:00,2026-09-15 09:45,132.40,158.99,158.90
2026-09-15,2026-09-15 08:00:00,2026-09-15 10:00,144.24,171.75,159.34
2026-09-15,2026-09-15 08:15:00,2026-09-15 10:15,130.48,129.00,128.28
2026-09-15,2026-09-15 08:30:00,2026-09-15 10:30,121.35,128.03,119.14
2026-09-15,2026-09-15 08:45:00,2026-09-15 10:45,105.42,112.06,102.06
2026-09-15,2026-09-15 09:00:00,2026-09-15 11:00,162.70,100.00,84.25
2026-09-15,2026-09-15 09:15:00,2026-09-15 11:15,148.66,90.00,60.00
2026-09-15,2026-09-15 09:30:00,2026-09-15 11:30,131.92,85.00,50.00
2026-09-15,2026-09-15 09:45:00,2026-09-15 11:45,102.75,71.19,45.01
2026-09-15,2026-09-15 10:00:00,2026-09-15 12:00,117.74,69.01,45.01
2026-09-15,2026-09-15 10:15:00,2026-09-15 12:15,96.13,54.98,45.01
2026-09-15,2026-09-15 10:30:00,2026-09-15 12:30,92.12,50.01,43.10
2026-09-15,2026-09-15 10:45:00,2026-09-15 12:45,79.55,50.00,45.01
2026-09-15,2026-09-15 11:00:00,2026-09-15 13:00,80.09,40.35,50.00
2026-09-15,2026-09-15 11:15:00,2026-09-15 13:15,70.64,38.99,50.00
2026-09-15,2026-09-15 11:30:00,2026-09-15 13:30,70.43,38.55,45.01
2026-09-15,2026-09-15 11:45:00,2026-09-15 13:45,70.22,35.67,45.01
2026-09-15,2026-09-15 12:00:00,2026-09-15 14:00,63.64,48.00,46.58
2026-09-15,2026-09-15 12:15:00,2026-09-15 14:15,63.85,50.01,50.00
2026-09-15,2026-09-15 12:30:00,2026-09-15 14:30,63.55,50.08,50.00
2026-09-15,2026-09-15 12:45:00,2026-09-15 14:45,63.50,51.00,50.00
2026-09-15,2026-09-15 13:00:00,2026-09-15 15:00,52.09,61.65,57.99
2026-09-15,2026-09-15 13:15:00,2026-09-15 15:15,51.68,59.41,60.00
2026-09-15,2026-09-15 13:30:00,2026-09-15 15:30,51.20,50.01,65.00
2026-09-15,2026-09-15 13:45:00,2026-09-15 15:45,49.64,50.00,65.00
2026-09-15,2026-09-15 14:00:00,2026-09-15 16:00,47.31,55.94,70.00
2026-09-15,2026-09-15 14:15:00,2026-09-15 16:15,51.80,65.00,78.00
2026-09-15,2026-09-15 14:30:00,2026-09-15 16:30,53.98,75.00,84.25
2026-09-15,2026-09-15 14:45:00,2026-09-15 16:45,58.01,84.25,90.00
2026-09-15,2026-09-15 15:00:00,2026-09-15 17:00,66.99,89.90,95.01
2026-09-15,2026-09-15 15:15:00,2026-09-15 17:15,75.66,95.00,110.00
2026-09-15,2026-09-15 15:30:00,2026-09-15 17:30,85.33,100.00,119.27
2026-09-15,2026-09-15 15:45:00,2026-09-15 17:45,89.40,115.00,132.50
2026-09-15,2026-09-15 16:00:00,2026-09-15 18:00,89.77,119.01,134.21
2026-09-15,2026-09-15 16:15:00,2026-09-15 18:15,109.05,128.70,166.63
2026-09-15,2026-09-15 16:30:00,2026-09-15 18:30,133.53,160.00,204.26
2026-09-15,2026-09-15 16:45:00,2026-09-15 18:45,156.07,196.70,220.27
2026-09-15,2026-09-15 17:00:00,2026-09-15 19:00,155.01,171.75,212.00
2026-09-15,2026-09-15 17:15:00,2026-09-15 19:15,174.12,211.30,224.00
2026-09-15,2026-09-15 17:30:00,2026-09-15 19:30,191.76,226.00,248.30
2026-09-15,2026-09-15 17:45:00,2026-09-15 19:45,213.45,252.22,300.00
2026-09-15,2026-09-15 18:00:00,2026-09-15 20:00,206.55,250.01,285.01
2026-09-15,2026-09-15 18:15:00,2026-09-15 20:15,207.75,252.22,300.00
2026-09-15,2026-09-15 18:30:00,2026-09-15 20:30,214.07,245.93,300.00
2026-09-15,2026-09-15 18:45:00,2026-09-15 20:45,214.51,238.70,300.00
2026-09-15,2026-09-15 19:00:00,2026-09-15 21:00,223.11,231.30,300.00
2026-09-15,2026-09-15 19:15:00,2026-09-15 21:15,229.51,226.54,299.61
2026-09-15,2026-09-15 19:30:00,2026-09-15 21:30,233.72,223.45,268.06
2026-09-15,2026-09-15 19:45:00,2026-09-15 21:45,226.41,208.00,248.81
2026-09-15,2026-09-15 20:00:00,2026-09-15 22:00,216.66,212.98,267.01
2026-09-15,2026-09-15 20:15:00,2026-09-15 22:15,217.10,203.76,250.01
2026-09-15,2026-09-15 20:30:00,2026-09-15 22:30,214.71,200.00,242.15
2026-09-15,2026-09-15 20:45:00,2026-09-15 22:45,213.32,188.01,224.67
2026-09-15,2026-09-15 21:00:00,2026-09-15 23:00,203.50,195.24,237.89
2026-09-15,2026-09-15 21:15:00,2026-09-15 23:15,200.61,187.35,225.00
2026-09-15,2026-09-15 21:30:00,2026-09-15 23:30,195.42,180.67,219.12
2026-09-15,2026-09-15 21:45:00,2026-09-15 23:45,191.75,171.05,215.50
2026-09-16,2026-09-15 22:00:00,2026-09-16 00:00,197.89,182.54,227.24
2026-09-16,2026-09-15 22:15:00,2026-09-16 00:15,195.76,179.08,226.75
2026-09-16,2026-09-15 22:30:00,2026-09-16 00:30,191.77,174.59,225.01
2026-09-16,2026-09-15 22:45:00,2026-09-16 00:45,188.45,170.88,224.00
2026-09-16,2026-09-15 23:00:00,2026-09-16 01:00,182.88,173.40,225.00
2026-09-16,2026-09-15 23:15:00,2026-09-16 01:15,176.52,170.88,219.62
2026-09-16,2026-09-15 23:30:00,2026-09-16 01:30,171.68,170.88,219.49
2026-09-16,2026-09-15 23:45:00,2026-09-16 01:45,169.72,170.01,215.76
2026-09-16,2026-09-16 00:00:00,2026-09-16 02:00,170.93,167.75,215.76
2026-09-16,2026-09-16 00:15:00,2026-09-16 02:15,167.54,167.90,214.18
2026-09-16,2026-09-16 00:30:00,2026-09-16 02:30,166.39,170.27,214.12
2026-09-16,2026-09-16 00:45:00,2026-09-16 02:45,164.76,169.20,214.03
2026-09-16,2026-09-16 01:00:00,2026-09-16 03:00,173.17,166.65,214.18
2026-09-16,2026-09-16 01:15:00,2026-09-16 03:15,172.55,164.95,214.12
2026-09-16,2026-09-16 01:30:00,2026-09-16 03:30,171.94,165.00,214.12
2026-09-16,2026-09-16 01:45:00,2026-09-16 03:45,168.78,163.89,214.12
2026-09-16,2026-09-16 02:00:00,2026-09-16 04:00,169.53,168.05,213.18
2026-09-16,2026-09-16 02:15:00,2026-09-16 04:15,166.09,166.45,213.18
2026-09-16,2026-09-16 02:30:00,2026-09-16 04:30,163.12,156.54,213.18
2026-09-16,2026-09-16 02:45:00,2026-09-16 04:45,160.32,159.17,213.18
2026-09-16,2026-09-16 03:00:00,2026-09-16 05:00,182.01,167.14,212.24
2026-09-16,2026-09-16 03:15:00,2026-09-16 05:15,179.93,170.20,212.60
2026-09-16,2026-09-16 03:30:00,2026-09-16 05:30,180.78,170.88,213.18
2026-09-16,2026-09-16 03:45:00,2026-09-16 05:45,182.98,170.88,216.62
2026-09-16,2026-09-16 04:00:00,2026-09-16 06:00,192.46,172.40,223.38
2026-09-16,2026-09-16 04:15:00,2026-09-16 06:15,196.50,170.88,231.20
2026-09-16,2026-09-16 04:30:00,2026-09-16 06:30,197.58,177.50,233.99
2026-09-16,2026-09-16 04:45:00,2026-09-16 06:45,199.74,188.62,246.00
2026-09-16,2026-09-16 05:00:00,2026-09-16 07:00,197.77,190.00,231.98
2026-09-16,2026-09-16 05:15:00,2026-09-16 07:15,198.60,194.60,237.27
2026-09-16,2026-09-16 05:30:00,2026-09-16 07:30,203.71,195.18,248.81
2026-09-16,2026-09-16 05:45:00,2026-09-16 07:45,203.95,196.12,243.78
2026-09-16,2026-09-16 06:00:00,2026-09-16 08:00,189.27,196.12,268.06
2026-09-16,2026-09-16 06:15:00,2026-09-16 08:15,187.20,194.24,241.51
2026-09-16,2026-09-16 06:30:00,2026-09-16 08:30,183.20,173.41,225.01
2026-09-16,2026-09-16 06:45:00,2026-09-16 08:45,170.44,127.66,197.87
2026-09-16,2026-09-16 07:00:00,2026-09-16 09:00,108.61,129.34,227.50
2026-09-16,2026-09-16 07:15:00,2026-09-16 09:15,98.10,115.88,212.60
2026-09-16,2026-09-16 07:30:00,2026-09-16 09:30,85.52,80.00,189.72
2026-09-16,2026-09-16 07:45:00,2026-09-16 09:45,68.20,21.67,158.99
2026-09-16,2026-09-16 08:00:00,2026-09-16 10:00,77.58,21.67,171.75
2026-09-16,2026-09-16 08:15:00,2026-09-16 10:15,53.34,5.88,129.00
2026-09-16,2026-09-16 08:30:00,2026-09-16 10:30,48.01,2.81,128.03
2026-09-16,2026-09-16 08:45:00,2026-09-16 10:45,42.91,1.08,112.06
2026-09-16,2026-09-16 09:00:00,2026-09-16 11:00,97.25,1.08,100.00
2026-09-16,2026-09-16 09:15:00,2026-09-16 11:15,85.76,0.51,90.00
2026-09-16,2026-09-16 09:30:00,2026-09-16 11:30,74.66,0.44,85.00
2026-09-16,2026-09-16 09:45:00,2026-09-16 11:45,46.68,0.10,71.19
2026-09-16,2026-09-16 10:00:00,2026-09-16 12:00,71.65,0.01,69.01
2026-09-16,2026-09-16 10:15:00,2026-09-16 12:15,45.66,0.01,54.98
2026-09-16,2026-09-16 10:30:00,2026-09-16 12:30,44.00,0.01,50.01
2026-09-16,2026-09-16 10:45:00,2026-09-16 12:45,36.11,0.01,50.00
2026-09-16,2026-09-16 11:00:00,2026-09-16 13:00,31.30,0.01,40.35
2026-09-16,2026-09-16 11:15:00,2026-09-16 13:15,27.10,0.01,38.99
2026-09-16,2026-09-16 11:30:00,2026-09-16 13:30,25.64,0.01,38.55
2026-09-16,2026-09-16 11:45:00,2026-09-16 13:45,-0.56,0.00,35.67
2026-09-16,2026-09-16 12:00:00,2026-09-16 14:00,-0.56,0.00,48.00
2026-09-16,2026-09-16 12:15:00,2026-09-16 14:15,-0.56,0.00,50.01
2026-09-16,2026-09-16 12:30:00,2026-09-16 14:30,-0.56,0.00,50.08
2026-09-16,2026-09-16 12:45:00,2026-09-16 14:45,-0.56,0.01,51.00
2026-09-16,2026-09-16 13:00:00,2026-09-16 15:00,-0.56,0.00,61.65
2026-09-16,2026-09-16 13:15:00,2026-09-16 15:15,-0.56,0.00,59.41
2026-09-16,2026-09-16 13:30:00,2026-09-16 15:30,-0.56,0.01,50.01
2026-09-16,2026-09-16 13:45:00,2026-09-16 15:45,-0.56,0.01,50.00
2026-09-16,2026-09-16 14:00:00,2026-09-16 16:00,15.93,0.01,55.94
2026-09-16,2026-09-16 14:15:00,2026-09-16 16:15,20.72,0.28,65.00
2026-09-16,2026-09-16 14:30:00,2026-09-16 16:30,21.15,0.52,75.00
2026-09-16,2026-09-16 14:45:00,2026-09-16 16:45,22.05,1.00,84.25
2026-09-16,2026-09-16 15:00:00,2026-09-16 17:00,20.53,1.08,89.90
2026-09-16,2026-09-16 15:15:00,2026-09-16 17:15,20.32,1.95,95.00
2026-09-16,2026-09-16 15:30:00,2026-09-16 17:30,20.74,5.10,100.00
2026-09-16,2026-09-16 15:45:00,2026-09-16 17:45,24.54,6.07,115.00
2026-09-16,2026-09-16 16:00:00,2026-09-16 18:00,36.22,1.75,119.01
2026-09-16,2026-09-16 16:15:00,2026-09-16 18:15,47.50,12.55,128.70
2026-09-16,2026-09-16 16:30:00,2026-09-16 18:30,68.35,38.55,160.00
2026-09-16,2026-09-16 16:45:00,2026-09-16 18:45,81.95,90.65,196.70
2026-09-16,2026-09-16 17:00:00,2026-09-16 19:00,124.87,90.00,171.75
2026-09-16,2026-09-16 17:15:00,2026-09-16 19:15,144.17,119.01,211.30
2026-09-16,2026-09-16 17:30:00,2026-09-16 19:30,154.98,130.00,226.00
2026-09-16,2026-09-16 17:45:00,2026-09-16 19:45,175.43,180.30,252.22
2026-09-16,2026-09-16 18:00:00,2026-09-16 20:00,193.48,180.00,250.01
2026-09-16,2026-09-16 18:15:00,2026-09-16 20:15,199.11,194.24,252.22
2026-09-16,2026-09-16 18:30:00,2026-09-16 20:30,203.95,196.12,245.93
2026-09-16,2026-09-16 18:45:00,2026-09-16 20:45,206.99,196.18,238.70
2026-09-16,2026-09-16 19:00:00,2026-09-16 21:00,208.73,196.12,231.30
2026-09-16,2026-09-16 19:15:00,2026-09-16 21:15,213.70,195.18,226.54
2026-09-16,2026-09-16 19:30:00,2026-09-16 21:30,220.18,194.24,223.45
2026-09-16,2026-09-16 19:45:00,2026-09-16 21:45,213.20,189.66,208.00
2026-09-16,2026-09-16 20:00:00,2026-09-16 22:00,207.66,174.73,212.98
2026-09-16,2026-09-16 20:15:00,2026-09-16 22:15,208.70,168.99,203.76
2026-09-16,2026-09-16 20:30:00,2026-09-16 22:30,206.81,152.00,200.00
2026-09-16,2026-09-16 20:45:00,2026-09-16 22:45,200.27,150.00,188.01
2026-09-16,2026-09-16 21:00:00,2026-09-16 23:00,190.50,152.00,195.24
2026-09-16,2026-09-16 21:15:00,2026-09-16 23:15,188.03,150.00,187.35
2026-09-16,2026-09-16 21:30:00,2026-09-16 23:30,181.52,135.00,180.67
2026-09-16,2026-09-16 21:45:00,2026-09-16 23:45,172.19,127.66,171.05
2026-09-17,2026-09-16 22:00:00,2026-09-17 00:00,164.25,188.57,182.54
2026-09-17,2026-09-16 22:15:00,2026-09-17 00:15,161.59,177.00,179.08
2026-09-17,2026-09-16 22:30:00,2026-09-17 00:30,159.06,169.23,174.59
2026-09-17,2026-09-16 22:45:00,2026-09-17 00:45,148.39,160.00,170.88
2026-09-17,2026-09-16 23:00:00,2026-09-17 01:00,157.17,162.05,173.40
2026-09-17,2026-09-16 23:15:00,2026-09-17 01:15,153.12,155.38,170.88
2026-09-17,2026-09-16 23:30:00,2026-09-17 01:30,151.91,155.20,170.88
2026-09-17,2026-09-16 23:45:00,2026-09-17 01:45,148.74,151.33,170.01
2026-09-17,2026-09-17 00:00:00,2026-09-17 02:00,132.89,149.38,167.75
2026-09-17,2026-09-17 00:15:00,2026-09-17 02:15,131.98,139.11,167.90
2026-09-17,2026-09-17 00:30:00,2026-09-17 02:30,132.81,130.01,170.27
2026-09-17,2026-09-17 00:45:00,2026-09-17 02:45,131.27,126.00,169.20
2026-09-17,2026-09-17 01:00:00,2026-09-17 03:00,146.76,125.77,166.65
2026-09-17,2026-09-17 01:15:00,2026-09-17 03:15,144.79,125.35,164.95
2026-09-17,2026-09-17 01:30:00,2026-09-17 03:30,144.85,125.35,165.00
2026-09-17,2026-09-17 01:45:00,2026-09-17 03:45,145.66,125.35,163.89
2026-09-17,2026-09-17 02:00:00,2026-09-17 04:00,152.45,125.77,168.05
2026-09-17,2026-09-17 02:15:00,2026-09-17 04:15,151.34,126.05,166.45
2026-09-17,2026-09-17 02:30:00,2026-09-17 04:30,149.65,130.00,156.54
2026-09-17,2026-09-17 02:45:00,2026-09-17 04:45,149.90,140.00,159.17
2026-09-17,2026-09-17 03:00:00,2026-09-17 05:00,165.14,132.06,167.14
2026-09-17,2026-09-17 03:15:00,2026-09-17 05:15,165.53,135.00,170.20
2026-09-17,2026-09-17 03:30:00,2026-09-17 05:30,166.02,145.00,170.88
2026-09-17,2026-09-17 03:45:00,2026-09-17 05:45,169.74,150.00,170.88
2026-09-17,2026-09-17 04:00:00,2026-09-17 06:00,183.07,165.75,172.40
2026-09-17,2026-09-17 04:15:00,2026-09-17 06:15,186.23,185.50,170.88
2026-09-17,2026-09-17 04:30:00,2026-09-17 06:30,191.10,190.67,177.50
2026-09-17,2026-09-17 04:45:00,2026-09-17 06:45,195.63,192.25,188.62
2026-09-17,2026-09-17 05:00:00,2026-09-17 07:00,199.06,193.83,190.00
2026-09-17,2026-09-17 05:15:00,2026-09-17 07:15,200.08,200.67,194.60
2026-09-17,2026-09-17 05:30:00,2026-09-17 07:30,201.03,210.20,195.18
2026-09-17,2026-09-17 05:45:00,2026-09-17 07:45,206.32,205.00,196.12
2026-09-17,2026-09-17 06:00:00,2026-09-17 08:00,210.47,215.92,196.12
2026-09-17,2026-09-17 06:15:00,2026-09-17 08:15,216.43,204.95,194.24
2026-09-17,2026-09-17 06:30:00,2026-09-17 08:30,209.31,195.00,173.41
2026-09-17,2026-09-17 06:45:00,2026-09-17 08:45,186.80,175.00,127.66
2026-09-17,2026-09-17 07:00:00,2026-09-17 09:00,145.06,200.00,129.34
2026-09-17,2026-09-17 07:15:00,2026-09-17 09:15,136.22,180.00,115.88
2026-09-17,2026-09-17 07:30:00,2026-09-17 09:30,120.33,155.20,80.00
2026-09-17,2026-09-17 07:45:00,2026-09-17 09:45,90.48,124.86,21.67
2026-09-17,2026-09-17 08:00:00,2026-09-17 10:00,104.69,119.34,21.67
2026-09-17,2026-09-17 08:15:00,2026-09-17 10:15,93.49,101.60,5.88
2026-09-17,2026-09-17 08:30:00,2026-09-17 10:30,86.30,84.06,2.81
2026-09-17,2026-09-17 08:45:00,2026-09-17 10:45,71.15,44.49,1.08
2026-09-17,2026-09-17 09:00:00,2026-09-17 11:00,130.43,25.20,1.08
2026-09-17,2026-09-17 09:15:00,2026-09-17 11:15,118.59,6.07,0.51
2026-09-17,2026-09-17 09:30:00,2026-09-17 11:30,94.94,1.52,0.44
2026-09-17,2026-09-17 09:45:00,2026-09-17 11:45,77.33,1.08,0.10
2026-09-17,2026-09-17 10:00:00,2026-09-17 12:00,76.27,2.00,0.01
2026-09-17,2026-09-17 10:15:00,2026-09-17 12:15,69.07,2.00,0.01
2026-09-17,2026-09-17 10:30:00,2026-09-17 12:30,61.85,2.00,0.01
2026-09-17,2026-09-17 10:45:00,2026-09-17 12:45,51.70,2.00,0.01
2026-09-17,2026-09-17 11:00:00,2026-09-17 13:00,52.15,4.77,0.01
2026-09-17,2026-09-17 11:15:00,2026-09-17 13:15,38.66,4.00,0.01
2026-09-17,2026-09-17 11:30:00,2026-09-17 13:30,35.84,2.32,0.01
2026-09-17,2026-09-17 11:45:00,2026-09-17 13:45,33.65,2.00,0.00
2026-09-17,2026-09-17 12:00:00,2026-09-17 14:00,32.92,2.00,0.00
2026-09-17,2026-09-17 12:15:00,2026-09-17 14:15,31.25,2.00,0.00
2026-09-17,2026-09-17 12:30:00,2026-09-17 14:30,28.38,2.00,0.00
2026-09-17,2026-09-17 12:45:00,2026-09-17 14:45,28.62,4.00,0.01
2026-09-17,2026-09-17 13:00:00,2026-09-17 15:00,29.31,5.02,0.00
2026-09-17,2026-09-17 13:15:00,2026-09-17 15:15,26.93,5.02,0.00
2026-09-17,2026-09-17 13:30:00,2026-09-17 15:30,25.51,9.48,0.01
2026-09-17,2026-09-17 13:45:00,2026-09-17 15:45,24.56,13.21,0.01
2026-09-17,2026-09-17 14:00:00,2026-09-17 16:00,28.27,12.55,0.01
2026-09-17,2026-09-17 14:15:00,2026-09-17 16:15,31.48,24.00,0.28
2026-09-17,2026-09-17 14:30:00,2026-09-17 16:30,34.38,37.85,0.52
2026-09-17,2026-09-17 14:45:00,2026-09-17 16:45,36.14,45.05,1.00
2026-09-17,2026-09-17 15:00:00,2026-09-17 17:00,46.43,66.47,1.08
2026-09-17,2026-09-17 15:15:00,2026-09-17 17:15,49.62,90.30,1.95
2026-09-17,2026-09-17 15:30:00,2026-09-17 17:30,51.62,108.30,5.10
2026-09-17,2026-09-17 15:45:00,2026-09-17 17:45,55.09,125.10,6.07
2026-09-17,2026-09-17 16:00:00,2026-09-17 18:00,78.44,125.35,1.75
2026-09-17,2026-09-17 16:15:00,2026-09-17 18:15,86.76,160.00,12.55
2026-09-17,2026-09-17 16:30:00,2026-09-17 18:30,116.32,189.87,38.55
2026-09-17,2026-09-17 16:45:00,2026-09-17 18:45,137.32,210.20,90.65
2026-09-17,2026-09-17 17:00:00,2026-09-17 19:00,154.37,181.00,90.00
2026-09-17,2026-09-17 17:15:00,2026-09-17 19:15,166.45,200.51,119.01
2026-09-17,2026-09-17 17:30:00,2026-09-17 19:30,171.24,219.14,130.00
2026-09-17,2026-09-17 17:45:00,2026-09-17 19:45,195.26,244.11,180.30
2026-09-17,2026-09-17 18:00:00,2026-09-17 20:00,197.83,224.55,180.00
2026-09-17,2026-09-17 18:15:00,2026-09-17 20:15,202.57,221.63,194.24
2026-09-17,2026-09-17 18:30:00,2026-09-17 20:30,203.64,222.52,196.12
2026-09-17,2026-09-17 18:45:00,2026-09-17 20:45,202.61,219.44,196.18
2026-09-17,2026-09-17 19:00:00,2026-09-17 21:00,208.43,226.00,196.12
2026-09-17,2026-09-17 19:15:00,2026-09-17 21:15,209.76,225.00,195.18
2026-09-17,2026-09-17 19:30:00,2026-09-17 21:30,214.21,213.61,194.24
2026-09-17,2026-09-17 19:45:00,2026-09-17 21:45,220.45,209.86,189.66
2026-09-17,2026-09-17 20:00:00,2026-09-17 22:00,210.86,210.20,174.73
2026-09-17,2026-09-17 20:15:00,2026-09-17 22:15,202.79,201.12,168.99
2026-09-17,2026-09-17 20:30:00,2026-09-17 22:30,194.75,199.00,152.00
2026-09-17,2026-09-17 20:45:00,2026-09-17 22:45,188.18,192.53,150.00
2026-09-17,2026-09-17 21:00:00,2026-09-17 23:00,174.28,193.83,152.00
2026-09-17,2026-09-17 21:15:00,2026-09-17 23:15,169.84,191.88,150.00
2026-09-17,2026-09-17 21:30:00,2026-09-17 23:30,162.85,190.00,135.00
2026-09-17,2026-09-17 21:45:00,2026-09-17 23:45,157.53,185.00,127.66
2026-09-18,2026-09-17 22:00:00,2026-09-18 00:00,205.32,190.67,188.57
2026-09-18,2026-09-17 22:15:00,2026-09-18 00:15,201.56,190.67,177.00
2026-09-18,2026-09-17 22:30:00,2026-09-18 00:30,196.76,184.25,169.23
2026-09-18,2026-09-17 22:45:00,2026-09-18 00:45,192.20,183.18,160.00
2026-09-18,2026-09-17 23:00:00,2026-09-18 01:00,190.86,182.24,162.05
2026-09-18,2026-09-17 23:15:00,2026-09-18 01:15,186.13,180.50,155.38
2026-09-18,2026-09-17 23:30:00,2026-09-18 01:30,184.28,179.94,155.20
2026-09-18,2026-09-17 23:45:00,2026-09-18 01:45,180.43,179.50,151.33
2026-09-18,2026-09-18 00:00:00,2026-09-18 02:00,177.32,179.50,149.38
2026-09-18,2026-09-18 00:15:00,2026-09-18 02:15,172.48,179.50,139.11
2026-09-18,2026-09-18 00:30:00,2026-09-18 02:30,166.42,179.00,130.01
2026-09-18,2026-09-18 00:45:00,2026-09-18 02:45,163.48,178.00,126.00
2026-09-18,2026-09-18 01:00:00,2026-09-18 03:00,157.05,178.40,125.77
2026-09-18,2026-09-18 01:15:00,2026-09-18 03:15,156.37,175.90,125.35
2026-09-18,2026-09-18 01:30:00,2026-09-18 03:30,155.52,175.90,125.35
2026-09-18,2026-09-18 01:45:00,2026-09-18 03:45,154.53,174.54,125.35
2026-09-18,2026-09-18 02:00:00,2026-09-18 04:00,182.69,172.99,125.77
2026-09-18,2026-09-18 02:15:00,2026-09-18 04:15,181.55,170.88,126.05
2026-09-18,2026-09-18 02:30:00,2026-09-18 04:30,180.90,170.79,130.00
2026-09-18,2026-09-18 02:45:00,2026-09-18 04:45,185.73,171.71,140.00
2026-09-18,2026-09-18 03:00:00,2026-09-18 05:00,183.46,174.00,132.06
2026-09-18,2026-09-18 03:15:00,2026-09-18 05:15,186.55,175.90,135.00
2026-09-18,2026-09-18 03:30:00,2026-09-18 05:30,189.05,178.40,145.00
2026-09-18,2026-09-18 03:45:00,2026-09-18 05:45,191.33,179.50,150.00
2026-09-18,2026-09-18 04:00:00,2026-09-18 06:00,201.19,180.70,165.75
2026-09-18,2026-09-18 04:15:00,2026-09-18 06:15,211.55,188.16,185.50
2026-09-18,2026-09-18 04:30:00,2026-09-18 06:30,213.48,190.67,190.67
2026-09-18,2026-09-18 04:45:00,2026-09-18 06:45,215.99,199.00,192.25
2026-09-18,2026-09-18 05:00:00,2026-09-18 07:00,208.47,199.25,193.83
2026-09-18,2026-09-18 05:15:00,2026-09-18 07:15,211.48,207.40,200.67
2026-09-18,2026-09-18 05:30:00,2026-09-18 07:30,212.09,210.53,210.20
2026-09-18,2026-09-18 05:45:00,2026-09-18 07:45,213.69,216.80,205.00
2026-09-18,2026-09-18 06:00:00,2026-09-18 08:00,216.53,228.78,215.92
2026-09-18,2026-09-18 06:15:00,2026-09-18 08:15,221.57,211.85,204.95
2026-09-18,2026-09-18 06:30:00,2026-09-18 08:30,216.91,207.40,195.00
2026-09-18,2026-09-18 06:45:00,2026-09-18 08:45,202.98,189.67,175.00
2026-09-18,2026-09-18 07:00:00,2026-09-18 09:00,179.56,209.40,200.00
2026-09-18,2026-09-18 07:15:00,2026-09-18 09:15,168.40,182.22,180.00
2026-09-18,2026-09-18 07:30:00,2026-09-18 09:30,145.00,150.00,155.20
2026-09-18,2026-09-18 07:45:00,2026-09-18 09:45,119.62,114.83,124.86
2026-09-18,2026-09-18 08:00:00,2026-09-18 10:00,120.85,109.14,119.34
2026-09-18,2026-09-18 08:15:00,2026-09-18 10:15,102.81,92.55,101.60
2026-09-18,2026-09-18 08:30:00,2026-09-18 10:30,92.72,45.00,84.06
2026-09-18,2026-09-18 08:45:00,2026-09-18 10:45,77.19,20.01,44.49
2026-09-18,2026-09-18 09:00:00,2026-09-18 11:00,103.42,12.01,25.20
2026-09-18,2026-09-18 09:15:00,2026-09-18 11:15,86.52,2.00,6.07
2026-09-18,2026-09-18 09:30:00,2026-09-18 11:30,74.01,2.00,1.52
2026-09-18,2026-09-18 09:45:00,2026-09-18 11:45,46.83,2.00,1.08
2026-09-18,2026-09-18 10:00:00,2026-09-18 12:00,78.22,4.77,2.00
2026-09-18,2026-09-18 10:15:00,2026-09-18 12:15,68.49,5.01,2.00
2026-09-18,2026-09-18 10:30:00,2026-09-18 12:30,64.02,5.01,2.00
2026-09-18,2026-09-18 10:45:00,2026-09-18 12:45,52.11,6.01,2.00
2026-09-18,2026-09-18 11:00:00,2026-09-18 13:00,33.11,4.00,4.77
2026-09-18,2026-09-18 11:15:00,2026-09-18 13:15,22.88,4.00,4.00
2026-09-18,2026-09-18 11:30:00,2026-09-18 13:30,19.62,4.00,2.32
2026-09-18,2026-09-18 11:45:00,2026-09-18 13:45,18.22,4.77,2.00
2026-09-18,2026-09-18 12:00:00,2026-09-18 14:00,19.05,4.77,2.00
2026-09-18,2026-09-18 12:15:00,2026-09-18 14:15,18.40,5.01,2.00
2026-09-18,2026-09-18 12:30:00,2026-09-18 14:30,18.10,5.70,2.00
2026-09-18,2026-09-18 12:45:00,2026-09-18 14:45,18.49,6.01,4.00
2026-09-18,2026-09-18 13:00:00,2026-09-18 15:00,21.38,9.01,5.02
2026-09-18,2026-09-18 13:15:00,2026-09-18 15:15,21.05,9.01,5.02
2026-09-18,2026-09-18 13:30:00,2026-09-18 15:30,22.23,10.01,9.48
2026-09-18,2026-09-18 13:45:00,2026-09-18 15:45,22.84,10.01,13.21
2026-09-18,2026-09-18 14:00:00,2026-09-18 16:00,22.75,10.50,12.55
2026-09-18,2026-09-18 14:15:00,2026-09-18 16:15,28.05,12.01,24.00
2026-09-18,2026-09-18 14:30:00,2026-09-18 16:30,30.13,12.01,37.85
2026-09-18,2026-09-18 14:45:00,2026-09-18 16:45,30.49,13.01,45.05
2026-09-18,2026-09-18 15:00:00,2026-09-18 17:00,39.78,13.01,66.47
2026-09-18,2026-09-18 15:15:00,2026-09-18 17:15,48.01,20.01,90.30
2026-09-18,2026-09-18 15:30:00,2026-09-18 17:30,53.87,41.78,108.30
2026-09-18,2026-09-18 15:45:00,2026-09-18 17:45,64.78,90.00,125.10
2026-09-18,2026-09-18 16:00:00,2026-09-18 18:00,75.05,85.00,125.35
2026-09-18,2026-09-18 16:15:00,2026-09-18 18:15,89.92,109.14,160.00
2026-09-18,2026-09-18 16:30:00,2026-09-18 18:30,106.30,134.50,189.87
2026-09-18,2026-09-18 16:45:00,2026-09-18 18:45,121.33,180.00,210.20
2026-09-18,2026-09-18 17:00:00,2026-09-18 19:00,150.36,167.00,181.00
2026-09-18,2026-09-18 17:15:00,2026-09-18 19:15,167.91,183.33,200.51
2026-09-18,2026-09-18 17:30:00,2026-09-18 19:30,181.90,196.42,219.14
2026-09-18,2026-09-18 17:45:00,2026-09-18 19:45,192.71,217.28,244.11
2026-09-18,2026-09-18 18:00:00,2026-09-18 20:00,192.90,207.40,224.55
2026-09-18,2026-09-18 18:15:00,2026-09-18 20:15,195.88,207.40,221.63
2026-09-18,2026-09-18 18:30:00,2026-09-18 20:30,196.62,200.81,222.52
2026-09-18,2026-09-18 18:45:00,2026-09-18 20:45,195.87,196.21,219.44
2026-09-18,2026-09-18 19:00:00,2026-09-18 21:00,208.77,195.47,226.00
2026-09-18,2026-09-18 19:15:00,2026-09-18 21:15,208.58,191.54,225.00
2026-09-18,2026-09-18 19:30:00,2026-09-18 21:30,210.49,182.17,213.61
2026-09-18,2026-09-18 19:45:00,2026-09-18 21:45,213.61,178.10,209.86
2026-09-18,2026-09-18 20:00:00,2026-09-18 22:00,206.67,181.30,210.20
2026-09-18,2026-09-18 20:15:00,2026-09-18 22:15,208.90,178.03,201.12
2026-09-18,2026-09-18 20:30:00,2026-09-18 22:30,202.75,172.58,199.00
2026-09-18,2026-09-18 20:45:00,2026-09-18 22:45,197.20,152.97,192.53
2026-09-18,2026-09-18 21:00:00,2026-09-18 23:00,186.66,170.36,193.83
2026-09-18,2026-09-18 21:15:00,2026-09-18 23:15,184.81,164.02,191.88
2026-09-18,2026-09-18 21:30:00,2026-09-18 23:30,182.77,152.00,190.00
2026-09-18,2026-09-18 21:45:00,2026-09-18 23:45,175.77,150.00,185.00
2026-09-19,2026-09-18 22:00:00,2026-09-19 00:00,186.24,179.16,190.67
2026-09-19,2026-09-18 22:15:00,2026-09-19 00:15,183.92,179.16,190.67
2026-09-19,2026-09-18 22:30:00,2026-09-19 00:30,180.52,179.16,184.25
2026-09-19,2026-09-18 22:45:00,2026-09-19 00:45,175.32,177.89,183.18
2026-09-19,2026-09-18 23:00:00,2026-09-19 01:00,178.27,179.16,182.24
2026-09-19,2026-09-18 23:15:00,2026-09-19 01:15,173.73,176.80,180.50
2026-09-19,2026-09-18 23:30:00,2026-09-19 01:30,172.65,175.20,179.94
2026-09-19,2026-09-18 23:45:00,2026-09-19 01:45,169.19,170.21,179.50
2026-09-19,2026-09-19 00:00:00,2026-09-19 02:00,176.48,175.00,179.50
2026-09-19,2026-09-19 00:15:00,2026-09-19 02:15,175.57,171.39,179.50
2026-09-19,2026-09-19 00:30:00,2026-09-19 02:30,176.62,170.21,179.00
2026-09-19,2026-09-19 00:45:00,2026-09-19 02:45,173.15,170.21,178.00
2026-09-19,2026-09-19 01:00:00,2026-09-19 03:00,180.00,170.00,178.40
2026-09-19,2026-09-19 01:15:00,2026-09-19 03:15,178.47,170.00,175.90
2026-09-19,2026-09-19 01:30:00,2026-09-19 03:30,178.48,170.00,175.90
2026-09-19,2026-09-19 01:45:00,2026-09-19 03:45,176.51,170.00,174.54
2026-09-19,2026-09-19 02:00:00,2026-09-19 04:00,186.90,170.21,172.99
2026-09-19,2026-09-19 02:15:00,2026-09-19 04:15,184.68,170.21,170.88
2026-09-19,2026-09-19 02:30:00,2026-09-19 04:30,185.50,175.40,170.79
2026-09-19,2026-09-19 02:45:00,2026-09-19 04:45,186.31,175.40,171.71
2026-09-19,2026-09-19 03:00:00,2026-09-19 05:00,187.51,175.40,174.00
2026-09-19,2026-09-19 03:15:00,2026-09-19 05:15,186.45,175.90,175.90
2026-09-19,2026-09-19 03:30:00,2026-09-19 05:30,186.81,177.99,178.40
2026-09-19,2026-09-19 03:45:00,2026-09-19 05:45,187.48,170.21,179.50
2026-09-19,2026-09-19 04:00:00,2026-09-19 06:00,188.67,179.16,180.70
2026-09-19,2026-09-19 04:15:00,2026-09-19 06:15,192.33,180.00,188.16
2026-09-19,2026-09-19 04:30:00,2026-09-19 06:30,192.73,180.10,190.67
2026-09-19,2026-09-19 04:45:00,2026-09-19 06:45,194.98,185.60,199.00
2026-09-19,2026-09-19 05:00:00,2026-09-19 07:00,199.02,186.04,199.25
2026-09-19,2026-09-19 05:15:00,2026-09-19 07:15,200.71,187.50,207.40
2026-09-19,2026-09-19 05:30:00,2026-09-19 07:30,201.26,188.76,210.53
2026-09-19,2026-09-19 05:45:00,2026-09-19 07:45,201.09,189.24,216.80
2026-09-19,2026-09-19 06:00:00,2026-09-19 08:00,209.78,189.24,228.78
2026-09-19,2026-09-19 06:15:00,2026-09-19 08:15,200.01,187.18,211.85
2026-09-19,2026-09-19 06:30:00,2026-09-19 08:30,198.06,175.40,207.40
2026-09-19,2026-09-19 06:45:00,2026-09-19 08:45,191.52,124.16,189.67
2026-09-19,2026-09-19 07:00:00,2026-09-19 09:00,76.29,128.20,209.40
2026-09-19,2026-09-19 07:15:00,2026-09-19 09:15,62.23,95.40,182.22
2026-09-19,2026-09-19 07:30:00,2026-09-19 09:30,47.85,38.55,150.00
2026-09-19,2026-09-19 07:45:00,2026-09-19 09:45,30.16,1.08,114.83
2026-09-19,2026-09-19 08:00:00,2026-09-19 10:00,60.50,0.51,109.14
2026-09-19,2026-09-19 08:15:00,2026-09-19 10:15,31.40,0.23,92.55
2026-09-19,2026-09-19 08:30:00,2026-09-19 10:30,7.52,0.00,45.00
2026-09-19,2026-09-19 08:45:00,2026-09-19 10:45,0.54,0.00,20.01
2026-09-19,2026-09-19 09:00:00,2026-09-19 11:00,29.31,0.00,12.01
2026-09-19,2026-09-19 09:15:00,2026-09-19 11:15,7.01,0.00,2.00
2026-09-19,2026-09-19 09:30:00,2026-09-19 11:30,-0.56,0.00,2.00
2026-09-19,2026-09-19 09:45:00,2026-09-19 11:45,-0.56,-0.02,2.00
2026-09-19,2026-09-19 10:00:00,2026-09-19 12:00,-0.56,-0.11,4.77
2026-09-19,2026-09-19 10:15:00,2026-09-19 12:15,-0.56,-0.11,5.01
2026-09-19,2026-09-19 10:30:00,2026-09-19 12:30,-0.56,0.00,5.01
2026-09-19,2026-09-19 10:45:00,2026-09-19 12:45,-0.56,0.00,6.01
2026-09-19,2026-09-19 11:00:00,2026-09-19 13:00,-0.56,0.00,4.00
2026-09-19,2026-09-19 11:15:00,2026-09-19 13:15,-0.56,0.00,4.00
2026-09-19,2026-09-19 11:30:00,2026-09-19 13:30,-0.56,0.00,4.00
2026-09-19,2026-09-19 11:45:00,2026-09-19 13:45,-0.56,0.00,4.77
2026-09-19,2026-09-19 12:00:00,2026-09-19 14:00,-0.56,0.00,4.77
2026-09-19,2026-09-19 12:15:00,2026-09-19 14:15,-0.56,0.00,5.01
2026-09-19,2026-09-19 12:30:00,2026-09-19 14:30,-0.56,0.00,5.70
2026-09-19,2026-09-19 12:45:00,2026-09-19 14:45,-0.56,0.00,6.01
2026-09-19,2026-09-19 13:00:00,2026-09-19 15:00,-0.56,0.00,9.01
2026-09-19,2026-09-19 13:15:00,2026-09-19 15:15,-0.56,0.00,9.01
2026-09-19,2026-09-19 13:30:00,2026-09-19 15:30,-0.56,0.00,10.01
2026-09-19,2026-09-19 13:45:00,2026-09-19 15:45,-0.56,0.00,10.01
2026-09-19,2026-09-19 14:00:00,2026-09-19 16:00,-0.56,0.00,10.50
2026-09-19,2026-09-19 14:15:00,2026-09-19 16:15,-0.56,0.00,12.01
2026-09-19,2026-09-19 14:30:00,2026-09-19 16:30,-0.56,0.00,12.01
2026-09-19,2026-09-19 14:45:00,2026-09-19 16:45,-0.56,0.01,13.01
2026-09-19,2026-09-19 15:00:00,2026-09-19 17:00,-0.56,0.00,13.01
2026-09-19,2026-09-19 15:15:00,2026-09-19 17:15,-0.56,0.00,20.01
2026-09-19,2026-09-19 15:30:00,2026-09-19 17:30,-0.56,0.51,41.78
2026-09-19,2026-09-19 15:45:00,2026-09-19 17:45,30.90,2.51,90.00
2026-09-19,2026-09-19 16:00:00,2026-09-19 18:00,37.55,15.01,85.00
2026-09-19,2026-09-19 16:15:00,2026-09-19 18:15,54.69,64.08,109.14
2026-09-19,2026-09-19 16:30:00,2026-09-19 18:30,67.24,94.50,134.50
2026-09-19,2026-09-19 16:45:00,2026-09-19 18:45,86.65,115.03,180.00
2026-09-19,2026-09-19 17:00:00,2026-09-19 19:00,108.65,115.00,167.00
2026-09-19,2026-09-19 17:15:00,2026-09-19 19:15,129.91,140.00,183.33
2026-09-19,2026-09-19 17:30:00,2026-09-19 19:30,134.84,177.28,196.42
2026-09-19,2026-09-19 17:45:00,2026-09-19 19:45,142.34,189.24,217.28
2026-09-19,2026-09-19 18:00:00,2026-09-19 20:00,162.27,190.58,207.40
2026-09-19,2026-09-19 18:15:00,2026-09-19 20:15,162.56,196.46,207.40
2026-09-19,2026-09-19 18:30:00,2026-09-19 20:30,161.84,201.15,200.81
2026-09-19,2026-09-19 18:45:00,2026-09-19 20:45,160.07,201.15,196.21
2026-09-19,2026-09-19 19:00:00,2026-09-19 21:00,186.20,201.15,195.47
2026-09-19,2026-09-19 19:15:00,2026-09-19 21:15,194.87,201.15,191.54
2026-09-19,2026-09-19 19:30:00,2026-09-19 21:30,193.99,196.50,182.17
2026-09-19,2026-09-19 19:45:00,2026-09-19 21:45,191.56,196.33,178.10
2026-09-19,2026-09-19 20:00:00,2026-09-19 22:00,201.16,193.50,181.30
2026-09-19,2026-09-19 20:15:00,2026-09-19 22:15,203.17,190.00,178.03
2026-09-19,2026-09-19 20:30:00,2026-09-19 22:30,203.04,188.76,172.58
2026-09-19,2026-09-19 20:45:00,2026-09-19 22:45,194.77,186.00,152.97
2026-09-19,2026-09-19 21:00:00,2026-09-19 23:00,199.31,188.76,170.36
2026-09-19,2026-09-19 21:15:00,2026-09-19 23:15,195.70,187.50,164.02
2026-09-19,2026-09-19 21:30:00,2026-09-19 23:30,190.84,186.50,152.00
2026-09-19,2026-09-19 21:45:00,2026-09-19 23:45,187.01,184.24,150.00
2026-09-21,2026-09-20 22:00:00,2026-09-21 00:00,205.42,200.76,187.32
2026-09-21,2026-09-20 22:15:00,2026-09-21 00:15,202.61,190.00,186.76
2026-09-21,2026-09-20 22:30:00,2026-09-21 00:30,201.95,186.31,185.00
2026-09-21,2026-09-20 22:45:00,2026-09-21 00:45,198.74,186.25,185.00
2026-09-21,2026-09-20 23:00:00,2026-09-21 01:00,199.42,185.37,186.76
2026-09-21,2026-09-20 23:15:00,2026-09-21 01:15,198.40,184.67,185.00
2026-09-21,2026-09-20 23:30:00,2026-09-21 01:30,196.11,184.57,183.94
2026-09-21,2026-09-20 23:45:00,2026-09-21 01:45,194.30,179.08,183.56
2026-09-21,2026-09-21 00:00:00,2026-09-21 02:00,188.18,183.56,185.18
2026-09-21,2026-09-21 00:15:00,2026-09-21 02:15,187.74,176.07,185.00
2026-09-21,2026-09-21 00:30:00,2026-09-21 02:30,186.66,175.90,184.30
2026-09-21,2026-09-21 00:45:00,2026-09-21 02:45,186.79,175.90,184.24
2026-09-21,2026-09-21 01:00:00,2026-09-21 03:00,178.60,175.00,184.24
2026-09-21,2026-09-21 01:15:00,2026-09-21 03:15,178.88,175.00,183.94
2026-09-21,2026-09-21 01:30:00,2026-09-21 03:30,177.95,174.16,184.30
2026-09-21,2026-09-21 01:45:00,2026-09-21 03:45,177.18,174.16,183.94
2026-09-21,2026-09-21 02:00:00,2026-09-21 04:00,182.40,174.16,184.25
2026-09-21,2026-09-21 02:15:00,2026-09-21 04:15,182.30,174.16,184.24
2026-09-21,2026-09-21 02:30:00,2026-09-21 04:30,182.38,174.29,183.94
2026-09-21,2026-09-21 02:45:00,2026-09-21 04:45,184.13,175.00,183.94
2026-09-21,2026-09-21 03:00:00,2026-09-21 05:00,188.71,175.00,183.60
2026-09-21,2026-09-21 03:15:00,2026-09-21 05:15,189.32,175.00,183.60
2026-09-21,2026-09-21 03:30:00,2026-09-21 05:30,191.57,176.60,183.60
2026-09-21,2026-09-21 03:45:00,2026-09-21 05:45,192.71,184.67,183.60
2026-09-21,2026-09-21 04:00:00,2026-09-21 06:00,216.01,184.67,183.50
2026-09-21,2026-09-21 04:15:00,2026-09-21 06:15,216.68,187.13,183.50
2026-09-21,2026-09-21 04:30:00,2026-09-21 06:30,217.71,190.00,180.10
2026-09-21,2026-09-21 04:45:00,2026-09-21 06:45,221.45,200.50,183.22
2026-09-21,2026-09-21 05:00:00,2026-09-21 07:00,226.12,211.70,183.94
2026-09-21,2026-09-21 05:15:00,2026-09-21 07:15,230.87,224.00,184.24
2026-09-21,2026-09-21 05:30:00,2026-09-21 07:30,231.84,227.00,184.30
2026-09-21,2026-09-21 05:45:00,2026-09-21 07:45,232.60,230.57,183.94
2026-09-21,2026-09-21 06:00:00,2026-09-21 08:00,233.71,263.90,184.30
2026-09-21,2026-09-21 06:15:00,2026-09-21 08:15,236.71,246.23,180.00
2026-09-21,2026-09-21 06:30:00,2026-09-21 08:30,231.55,226.00,166.00
2026-09-21,2026-09-21 06:45:00,2026-09-21 08:45,217.84,195.00,115.05
2026-09-21,2026-09-21 07:00:00,2026-09-21 09:00,166.58,212.25,93.50
2026-09-21,2026-09-21 07:15:00,2026-09-21 09:15,155.23,186.25,38.99
2026-09-21,2026-09-21 07:30:00,2026-09-21 09:30,136.22,167.52,1.40
2026-09-21,2026-09-21 07:45:00,2026-09-21 09:45,122.16,110.77,0.01
2026-09-21,2026-09-21 08:00:00,2026-09-21 10:00,133.82,110.10,0.01
2026-09-21,2026-09-21 08:15:00,2026-09-21 10:15,120.65,91.60,0.00
2026-09-21,2026-09-21 08:30:00,2026-09-21 10:30,102.66,65.00,-0.01
2026-09-21,2026-09-21 08:45:00,2026-09-21 10:45,87.10,38.73,-0.03
2026-09-21,2026-09-21 09:00:00,2026-09-21 11:00,140.60,11.85,-0.02
2026-09-21,2026-09-21 09:15:00,2026-09-21 11:15,124.84,2.99,-0.02
2026-09-21,2026-09-21 09:30:00,2026-09-21 11:30,103.76,2.00,-0.02
2026-09-21,2026-09-21 09:45:00,2026-09-21 11:45,79.26,1.81,-0.02
2026-09-21,2026-09-21 10:00:00,2026-09-21 12:00,90.98,1.52,-0.02
2026-09-21,2026-09-21 10:15:00,2026-09-21 12:15,78.38,1.50,-0.02
2026-09-21,2026-09-21 10:30:00,2026-09-21 12:30,75.48,1.49,-0.01
2026-09-21,2026-09-21 10:45:00,2026-09-21 12:45,68.23,1.50,-0.01
2026-09-21,2026-09-21 11:00:00,2026-09-21 13:00,68.16,1.82,-0.01
2026-09-21,2026-09-21 11:15:00,2026-09-21 13:15,58.17,1.82,-0.01
2026-09-21,2026-09-21 11:30:00,2026-09-21 13:30,55.79,1.75,-0.01
2026-09-21,2026-09-21 11:45:00,2026-09-21 13:45,51.07,1.52,-0.01
2026-09-21,2026-09-21 12:00:00,2026-09-21 14:00,37.75,1.52,-0.01
2026-09-21,2026-09-21 12:15:00,2026-09-21 14:15,37.30,1.82,-0.01
2026-09-21,2026-09-21 12:30:00,2026-09-21 14:30,35.24,1.95,-0.01
2026-09-21,2026-09-21 12:45:00,2026-09-21 14:45,34.82,1.85,-0.01
2026-09-21,2026-09-21 13:00:00,2026-09-21 15:00,38.51,3.43,-0.02
2026-09-21,2026-09-21 13:15:00,2026-09-21 15:15,38.09,3.43,-0.02
2026-09-21,2026-09-21 13:30:00,2026-09-21 15:30,37.50,5.00,-0.02
2026-09-21,2026-09-21 13:45:00,2026-09-21 15:45,38.61,5.88,-0.02
2026-09-21,2026-09-21 14:00:00,2026-09-21 16:00,39.39,6.07,-0.02
2026-09-21,2026-09-21 14:15:00,2026-09-21 16:15,40.07,14.80,-0.02
2026-09-21,2026-09-21 14:30:00,2026-09-21 16:30,40.87,24.01,-0.02
2026-09-21,2026-09-21 14:45:00,2026-09-21 16:45,43.25,27.00,-0.01
2026-09-21,2026-09-21 15:00:00,2026-09-21 17:00,54.88,27.00,-0.01
2026-09-21,2026-09-21 15:15:00,2026-09-21 17:15,58.38,50.00,0.00
2026-09-21,2026-09-21 15:30:00,2026-09-21 17:30,60.24,85.00,0.00
2026-09-21,2026-09-21 15:45:00,2026-09-21 17:45,70.63,97.00,0.51
2026-09-21,2026-09-21 16:00:00,2026-09-21 18:00,96.21,92.55,1.44
2026-09-21,2026-09-21 16:15:00,2026-09-21 18:15,122.48,112.00,38.88
2026-09-21,2026-09-21 16:30:00,2026-09-21 18:30,138.87,150.00,91.14
2026-09-21,2026-09-21 16:45:00,2026-09-21 18:45,160.54,190.01,115.72
2026-09-21,2026-09-21 17:00:00,2026-09-21 19:00,184.76,190.00,150.00
2026-09-21,2026-09-21 17:15:00,2026-09-21 19:15,197.42,224.92,184.30
2026-09-21,2026-09-21 17:30:00,2026-09-21 19:30,208.15,251.90,200.74
2026-09-21,2026-09-21 17:45:00,2026-09-21 19:45,213.82,276.54,225.57
2026-09-21,2026-09-21 18:00:00,2026-09-21 20:00,208.93,251.30,198.90
2026-09-21,2026-09-21 18:15:00,2026-09-21 20:15,209.14,250.28,200.74
2026-09-21,2026-09-21 18:30:00,2026-09-21 20:30,210.16,250.00,205.71
2026-09-21,2026-09-21 18:45:00,2026-09-21 20:45,208.47,251.30,200.74
2026-09-21,2026-09-21 19:00:00,2026-09-21 21:00,215.56,253.01,211.13
2026-09-21,2026-09-21 19:15:00,2026-09-21 21:15,215.60,250.00,200.99
2026-09-21,2026-09-21 19:30:00,2026-09-21 21:30,216.77,240.01,200.74
2026-09-21,2026-09-21 19:45:00,2026-09-21 21:45,217.45,212.25,199.00
2026-09-21,2026-09-21 20:00:00,2026-09-21 22:00,217.53,225.00,200.74
2026-09-21,2026-09-21 20:15:00,2026-09-21 22:15,212.42,212.25,196.70
2026-09-21,2026-09-21 20:30:00,2026-09-21 22:30,211.07,206.93,195.87
2026-09-21,2026-09-21 20:45:00,2026-09-21 22:45,203.50,200.00,186.76
2026-09-21,2026-09-21 21:00:00,2026-09-21 23:00,198.51,200.00,186.76
2026-09-21,2026-09-21 21:15:00,2026-09-21 23:15,195.95,188.19,186.76
2026-09-21,2026-09-21 21:30:00,2026-09-21 23:30,193.20,187.25,186.18
2026-09-21,2026-09-21 21:45:00,2026-09-21 23:45,190.33,184.67,183.50
2026-09-22,2026-09-21 22:00:00,2026-09-22 00:00,211.44,199.28,200.76
2026-09-22,2026-09-21 22:15:00,2026-09-22 00:15,203.88,199.28,190.00
2026-09-22,2026-09-21 22:30:00,2026-09-22 00:30,200.36,197.50,186.31
2026-09-22,2026-09-21 22:45:00,2026-09-22 00:45,196.38,198.34,186.25
2026-09-22,2026-09-21 23:00:00,2026-09-22 01:00,197.12,196.00,185.37
2026-09-22,2026-09-21 23:15:00,2026-09-22 01:15,195.63,195.25,184.67
2026-09-22,2026-09-21 23:30:00,2026-09-22 01:30,193.37,190.46,184.57
2026-09-22,2026-09-21 23:45:00,2026-09-22 01:45,190.02,189.00,179.08
2026-09-22,2026-09-22 00:00:00,2026-09-22 02:00,190.75,195.21,183.56
2026-09-22,2026-09-22 00:15:00,2026-09-22 02:15,187.25,195.00,176.07
2026-09-22,2026-09-22 00:30:00,2026-09-22 02:30,186.80,190.01,175.90
2026-09-22,2026-09-22 00:45:00,2026-09-22 02:45,186.53,190.00,175.90
2026-09-22,2026-09-22 01:00:00,2026-09-22 03:00,182.36,190.00,175.00
2026-09-22,2026-09-22 01:15:00,2026-09-22 03:15,181.96,190.00,175.00
2026-09-22,2026-09-22 01:30:00,2026-09-22 03:30,181.88,190.00,174.16
2026-09-22,2026-09-22 01:45:00,2026-09-22 03:45,181.10,186.00,174.16
2026-09-22,2026-09-22 02:00:00,2026-09-22 04:00,191.58,190.00,174.16
2026-09-22,2026-09-22 02:15:00,2026-09-22 04:15,191.40,190.00,174.16
2026-09-22,2026-09-22 02:30:00,2026-09-22 04:30,188.48,190.00,174.29
2026-09-22,2026-09-22 02:45:00,2026-09-22 04:45,188.41,190.00,175.00
2026-09-22,2026-09-22 03:00:00,2026-09-22 05:00,197.07,185.40,175.00
2026-09-22,2026-09-22 03:15:00,2026-09-22 05:15,197.29,186.00,175.00
2026-09-22,2026-09-22 03:30:00,2026-09-22 05:30,200.19,192.99,176.60
2026-09-22,2026-09-22 03:45:00,2026-09-22 05:45,204.08,195.13,184.67
2026-09-22,2026-09-22 04:00:00,2026-09-22 06:00,204.44,199.28,184.67
2026-09-22,2026-09-22 04:15:00,2026-09-22 06:15,206.93,201.50,187.13
2026-09-22,2026-09-22 04:30:00,2026-09-22 06:30,208.09,202.10,190.00
2026-09-22,2026-09-22 04:45:00,2026-09-22 06:45,215.32,210.00,200.50
2026-09-22,2026-09-22 05:00:00,2026-09-22 07:00,212.49,226.00,211.70
2026-09-22,2026-09-22 05:15:00,2026-09-22 07:15,214.01,228.72,224.00
2026-09-22,2026-09-22 05:30:00,2026-09-22 07:30,217.88,237.23,227.00
2026-09-22,2026-09-22 05:45:00,2026-09-22 07:45,219.17,244.71,230.57
2026-09-22,2026-09-22 06:00:00,2026-09-22 08:00,228.71,282.29,263.90
2026-09-22,2026-09-22 06:15:00,2026-09-22 08:15,227.32,268.06,246.23
2026-09-22,2026-09-22 06:30:00,2026-09-22 08:30,220.52,240.76,226.00
2026-09-22,2026-09-22 06:45:00,2026-09-22 08:45,200.41,204.98,195.00
2026-09-22,2026-09-22 07:00:00,2026-09-22 09:00,154.58,215.00,212.25
2026-09-22,2026-09-22 07:15:00,2026-09-22 09:15,145.49,193.91,186.25
2026-09-22,2026-09-22 07:30:00,2026-09-22 09:30,135.33,160.00,167.52
2026-09-22,2026-09-22 07:45:00,2026-09-22 09:45,107.81,110.27,110.77
2026-09-22,2026-09-22 08:00:00,2026-09-22 10:00,120.68,110.28,110.10
2026-09-22,2026-09-22 08:15:00,2026-09-22 10:15,102.06,102.30,91.60
2026-09-22,2026-09-22 08:30:00,2026-09-22 10:30,88.45,88.15,65.00
2026-09-22,2026-09-22 08:45:00,2026-09-22 10:45,74.48,40.00,38.73
2026-09-22,2026-09-22 09:00:00,2026-09-22 11:00,106.47,52.00,11.85
2026-09-22,2026-09-22 09:15:00,2026-09-22 11:15,91.35,38.99,2.99
2026-09-22,2026-09-22 09:30:00,2026-09-22 11:30,67.20,38.66,2.00
2026-09-22,2026-09-22 09:45:00,2026-09-22 11:45,40.49,27.00,1.81
2026-09-22,2026-09-22 10:00:00,2026-09-22 12:00,78.70,24.01,1.52
2026-09-22,2026-09-22 10:15:00,2026-09-22 12:15,64.70,24.01,1.50
2026-09-22,2026-09-22 10:30:00,2026-09-22 12:30,58.07,20.33,1.49
2026-09-22,2026-09-22 10:45:00,2026-09-22 12:45,46.19,20.00,1.50
2026-09-22,2026-09-22 11:00:00,2026-09-22 13:00,37.35,10.02,1.82
2026-09-22,2026-09-22 11:15:00,2026-09-22 13:15,25.07,10.02,1.82
2026-09-22,2026-09-22 11:30:00,2026-09-22 13:30,24.79,10.02,1.75
2026-09-22,2026-09-22 11:45:00,2026-09-22 13:45,18.77,10.02,1.52
2026-09-22,2026-09-22 12:00:00,2026-09-22 14:00,20.55,10.02,1.52
2026-09-22,2026-09-22 12:15:00,2026-09-22 14:15,19.21,15.10,1.82
2026-09-22,2026-09-22 12:30:00,2026-09-22 14:30,14.76,20.17,1.95
2026-09-22,2026-09-22 12:45:00,2026-09-22 14:45,14.18,24.11,1.85
2026-09-22,2026-09-22 13:00:00,2026-09-22 15:00,14.66,25.00,3.43
2026-09-22,2026-09-22 13:15:00,2026-09-22 15:15,14.07,24.01,3.43
2026-09-22,2026-09-22 13:30:00,2026-09-22 15:30,14.45,22.14,5.00
2026-09-22,2026-09-22 13:45:00,2026-09-22 15:45,15.62,24.01,5.88
2026-09-22,2026-09-22 14:00:00,2026-09-22 16:00,22.71,32.50,6.07
2026-09-22,2026-09-22 14:15:00,2026-09-22 16:15,27.22,39.09,14.80
2026-09-22,2026-09-22 14:30:00,2026-09-22 16:30,32.66,54.41,24.01
2026-09-22,2026-09-22 14:45:00,2026-09-22 16:45,33.90,70.00,27.00
2026-09-22,2026-09-22 15:00:00,2026-09-22 17:00,50.58,92.55,27.00
2026-09-22,2026-09-22 15:15:00,2026-09-22 17:15,55.43,105.00,50.00
2026-09-22,2026-09-22 15:30:00,2026-09-22 17:30,64.70,110.03,85.00
2026-09-22,2026-09-22 15:45:00,2026-09-22 17:45,77.51,115.00,97.00
2026-09-22,2026-09-22 16:00:00,2026-09-22 18:00,91.66,110.28,92.55
2026-09-22,2026-09-22 16:15:00,2026-09-22 18:15,109.42,135.57,112.00
2026-09-22,2026-09-22 16:30:00,2026-09-22 18:30,131.41,196.38,150.00
2026-09-22,2026-09-22 16:45:00,2026-09-22 18:45,152.65,204.98,190.01
2026-09-22,2026-09-22 17:00:00,2026-09-22 19:00,186.20,199.28,190.00
2026-09-22,2026-09-22 17:15:00,2026-09-22 19:15,202.41,226.00,224.92
2026-09-22,2026-09-22 17:30:00,2026-09-22 19:30,208.22,281.57,251.90
2026-09-22,2026-09-22 17:45:00,2026-09-22 19:45,214.89,300.00,276.54
2026-09-22,2026-09-22 18:00:00,2026-09-22 20:00,218.95,285.00,251.30
2026-09-22,2026-09-22 18:15:00,2026-09-22 20:15,218.93,290.01,250.28
2026-09-22,2026-09-22 18:30:00,2026-09-22 20:30,218.39,278.18,250.00
2026-09-22,2026-09-22 18:45:00,2026-09-22 20:45,216.99,276.54,251.30
2026-09-22,2026-09-22 19:00:00,2026-09-22 21:00,226.68,272.51,253.01
2026-09-22,2026-09-22 19:15:00,2026-09-22 21:15,223.88,261.17,250.00
2026-09-22,2026-09-22 19:30:00,2026-09-22 21:30,225.01,261.17,240.01
2026-09-22,2026-09-22 19:45:00,2026-09-22 21:45,217.01,255.10,212.25
2026-09-22,2026-09-22 20:00:00,2026-09-22 22:00,232.36,253.01,225.00
2026-09-22,2026-09-22 20:15:00,2026-09-22 22:15,224.58,231.80,212.25
2026-09-22,2026-09-22 20:30:00,2026-09-22 22:30,222.62,232.19,206.93
2026-09-22,2026-09-22 20:45:00,2026-09-22 22:45,216.31,224.41,200.00
2026-09-22,2026-09-22 21:00:00,2026-09-22 23:00,217.60,224.00,200.00
2026-09-22,2026-09-22 21:15:00,2026-09-22 23:15,213.65,214.54,188.19
2026-09-22,2026-09-22 21:30:00,2026-09-22 23:30,206.70,210.21,187.25
2026-09-22,2026-09-22 21:45:00,2026-09-22 23:45,204.25,201.18,184.67
2026-09-23,2026-09-22 22:00:00,2026-09-23 00:00,212.14,206.18,199.28
2026-09-23,2026-09-22 22:15:00,2026-09-23 00:15,208.68,205.24,199.28
2026-09-23,2026-09-22 22:30:00,2026-09-23 00:30,207.51,203.50,197.50
2026-09-23,2026-09-22 22:45:00,2026-09-23 00:45,204.21,203.50,198.34
2026-09-23,2026-09-22 23:00:00,2026-09-23 01:00,203.82,203.50,196.00
2026-09-23,2026-09-22 23:15:00,2026-09-23 01:15,202.95,202.76,195.25
2026-09-23,2026-09-22 23:30:00,2026-09-23 01:30,201.43,201.18,190.46
2026-09-23,2026-09-22 23:45:00,2026-09-23 01:45,198.14,200.00,189.00
2026-09-23,2026-09-23 00:00:00,2026-09-23 02:00,199.68,199.60,195.21
2026-09-23,2026-09-23 00:15:00,2026-09-23 02:15,196.27,196.50,195.00
2026-09-23,2026-09-23 00:30:00,2026-09-23 02:30,195.57,195.37,190.01
2026-09-23,2026-09-23 00:45:00,2026-09-23 02:45,195.38,195.37,190.00
2026-09-23,2026-09-23 01:00:00,2026-09-23 03:00,203.88,199.95,190.00
2026-09-23,2026-09-23 01:15:00,2026-09-23 03:15,203.74,199.60,190.00
2026-09-23,2026-09-23 01:30:00,2026-09-23 03:30,202.20,199.60,190.00
2026-09-23,2026-09-23 01:45:00,2026-09-23 03:45,199.76,199.60,186.00
2026-09-23,2026-09-23 02:00:00,2026-09-23 04:00,210.48,201.18,190.00
2026-09-23,2026-09-23 02:15:00,2026-09-23 04:15,210.14,201.18,190.00
2026-09-23,2026-09-23 02:30:00,2026-09-23 04:30,207.10,201.18,190.00
2026-09-23,2026-09-23 02:45:00,2026-09-23 04:45,207.35,202.48,190.00
2026-09-23,2026-09-23 03:00:00,2026-09-23 05:00,208.10,198.70,185.40
2026-09-23,2026-09-23 03:15:00,2026-09-23 05:15,208.23,199.60,186.00
2026-09-23,2026-09-23 03:30:00,2026-09-23 05:30,209.57,201.18,192.99
2026-09-23,2026-09-23 03:45:00,2026-09-23 05:45,210.90,202.48,195.13
2026-09-23,2026-09-23 04:00:00,2026-09-23 06:00,212.93,203.00,199.28
2026-09-23,2026-09-23 04:15:00,2026-09-23 06:15,215.91,205.12,201.50
2026-09-23,2026-09-23 04:30:00,2026-09-23 06:30,216.44,205.00,202.10
2026-09-23,2026-09-23 04:45:00,2026-09-23 06:45,219.47,210.01,210.00
2026-09-23,2026-09-23 05:00:00,2026-09-23 07:00,220.24,206.50,226.00
2026-09-23,2026-09-23 05:15:00,2026-09-23 07:15,223.71,219.88,228.72
2026-09-23,2026-09-23 05:30:00,2026-09-23 07:30,224.29,225.00,237.23
2026-09-23,2026-09-23 05:45:00,2026-09-23 07:45,225.17,226.90,244.71
2026-09-23,2026-09-23 06:00:00,2026-09-23 08:00,232.76,257.65,282.29
2026-09-23,2026-09-23 06:15:00,2026-09-23 08:15,233.20,240.50,268.06
2026-09-23,2026-09-23 06:30:00,2026-09-23 08:30,227.70,224.31,240.76
2026-09-23,2026-09-23 06:45:00,2026-09-23 08:45,211.36,189.12,204.98
2026-09-23,2026-09-23 07:00:00,2026-09-23 09:00,143.01,207.12,215.00
2026-09-23,2026-09-23 07:15:00,2026-09-23 09:15,125.18,193.88,193.91
2026-09-23,2026-09-23 07:30:00,2026-09-23 09:30,105.48,170.82,160.00
2026-09-23,2026-09-23 07:45:00,2026-09-23 09:45,92.01,134.93,110.27
2026-09-23,2026-09-23 08:00:00,2026-09-23 10:00,110.22,147.50,110.28
2026-09-23,2026-09-23 08:15:00,2026-09-23 10:15,101.30,115.27,102.30
2026-09-23,2026-09-23 08:30:00,2026-09-23 10:30,90.24,110.03,88.15
2026-09-23,2026-09-23 08:45:00,2026-09-23 10:45,73.98,100.00,40.00
2026-09-23,2026-09-23 09:00:00,2026-09-23 11:00,120.17,100.01,52.00
2026-09-23,2026-09-23 09:15:00,2026-09-23 11:15,107.00,75.00,38.99
2026-09-23,2026-09-23 09:30:00,2026-09-23 11:30,93.73,90.00,38.66
2026-09-23,2026-09-23 09:45:00,2026-09-23 11:45,63.74,75.00,27.00
2026-09-23,2026-09-23 10:00:00,2026-09-23 12:00,84.06,40.00,24.01
2026-09-23,2026-09-23 10:15:00,2026-09-23 12:15,74.08,35.00,24.01
2026-09-23,2026-09-23 10:30:00,2026-09-23 12:30,61.64,35.00,20.33
2026-09-23,2026-09-23 10:45:00,2026-09-23 12:45,43.58,30.00,20.00
2026-09-23,2026-09-23 11:00:00,2026-09-23 13:00,44.46,24.01,10.02
2026-09-23,2026-09-23 11:15:00,2026-09-23 13:15,31.11,24.01,10.02
2026-09-23,2026-09-23 11:30:00,2026-09-23 13:30,27.41,11.10,10.02
2026-09-23,2026-09-23 11:45:00,2026-09-23 13:45,24.21,10.02,10.02
2026-09-23,2026-09-23 12:00:00,2026-09-23 14:00,26.08,24.01,10.02
2026-09-23,2026-09-23 12:15:00,2026-09-23 14:15,29.68,23.38,15.10
2026-09-23,2026-09-23 12:30:00,2026-09-23 14:30,29.53,25.58,20.17
2026-09-23,2026-09-23 12:45:00,2026-09-23 14:45,29.98,27.23,24.11
2026-09-23,2026-09-23 13:00:00,2026-09-23 15:00,31.12,25.71,25.00
2026-09-23,2026-09-23 13:15:00,2026-09-23 15:15,30.13,28.28,24.01
2026-09-23,2026-09-23 13:30:00,2026-09-23 15:30,29.29,34.08,22.14
2026-09-23,2026-09-23 13:45:00,2026-09-23 15:45,28.71,38.77,24.01
2026-09-23,2026-09-23 14:00:00,2026-09-23 16:00,35.93,38.77,32.50
2026-09-23,2026-09-23 14:15:00,2026-09-23 16:15,37.52,50.00,39.09
2026-09-23,2026-09-23 14:30:00,2026-09-23 16:30,39.02,65.00,54.41
2026-09-23,2026-09-23 14:45:00,2026-09-23 16:45,39.68,80.00,70.00
2026-09-23,2026-09-23 15:00:00,2026-09-23 17:00,72.12,88.90,92.55
2026-09-23,2026-09-23 15:15:00,2026-09-23 17:15,75.13,96.80,105.00
2026-09-23,2026-09-23 15:30:00,2026-09-23 17:30,78.48,106.00,110.03
2026-09-23,2026-09-23 15:45:00,2026-09-23 17:45,83.57,114.00,115.00
2026-09-23,2026-09-23 16:00:00,2026-09-23 18:00,99.41,110.03,110.28
2026-09-23,2026-09-23 16:15:00,2026-09-23 18:15,116.88,120.98,135.57
2026-09-23,2026-09-23 16:30:00,2026-09-23 18:30,140.09,185.00,196.38
2026-09-23,2026-09-23 16:45:00,2026-09-23 18:45,153.59,203.50,204.98
2026-09-23,2026-09-23 17:00:00,2026-09-23 19:00,179.66,195.00,199.28
2026-09-23,2026-09-23 17:15:00,2026-09-23 19:15,186.54,223.53,226.00
2026-09-23,2026-09-23 17:30:00,2026-09-23 19:30,197.07,256.01,281.57
2026-09-23,2026-09-23 17:45:00,2026-09-23 19:45,204.96,274.36,300.00
2026-09-23,2026-09-23 18:00:00,2026-09-23 20:00,210.39,266.17,285.00
2026-09-23,2026-09-23 18:15:00,2026-09-23 20:15,212.69,267.01,290.01
2026-09-23,2026-09-23 18:30:00,2026-09-23 20:30,211.81,261.20,278.18
2026-09-23,2026-09-23 18:45:00,2026-09-23 20:45,210.65,261.17,276.54
2026-09-23,2026-09-23 19:00:00,2026-09-23 21:00,216.77,252.02,272.51
2026-09-23,2026-09-23 19:15:00,2026-09-23 21:15,215.73,249.61,261.17
2026-09-23,2026-09-23 19:30:00,2026-09-23 21:30,214.97,240.01,261.17
2026-09-23,2026-09-23 19:45:00,2026-09-23 21:45,205.78,251.72,255.10
2026-09-23,2026-09-23 20:00:00,2026-09-23 22:00,239.40,230.00,253.01
2026-09-23,2026-09-23 20:15:00,2026-09-23 22:15,236.36,226.00,231.80
2026-09-23,2026-09-23 20:30:00,2026-09-23 22:30,230.98,223.53,232.19
2026-09-23,2026-09-23 20:45:00,2026-09-23 22:45,216.80,219.88,224.41
2026-09-23,2026-09-23 21:00:00,2026-09-23 23:00,208.65,219.88,224.00
2026-09-23,2026-09-23 21:15:00,2026-09-23 23:15,206.44,210.63,214.54
2026-09-23,2026-09-23 21:30:00,2026-09-23 23:30,200.03,207.12,210.21
2026-09-23,2026-09-23 21:45:00,2026-09-23 23:45,196.36,205.24,201.18
2026-09-24,2026-09-23 22:00:00,2026-09-24 00:00,209.75,197.86,206.18
2026-09-24,2026-09-23 22:15:00,2026-09-24 00:15,207.53,197.00,205.24
2026-09-24,2026-09-23 22:30:00,2026-09-24 00:30,204.84,196.65,203.50
2026-09-24,2026-09-23 22:45:00,2026-09-24 00:45,202.31,196.65,203.50
2026-09-24,2026-09-23 23:00:00,2026-09-24 01:00,203.32,196.92,203.50
2026-09-24,2026-09-23 23:15:00,2026-09-24 01:15,200.54,196.65,202.76
2026-09-24,2026-09-23 23:30:00,2026-09-24 01:30,199.76,196.18,201.18
2026-09-24,2026-09-23 23:45:00,2026-09-24 01:45,198.34,195.98,200.00
2026-09-24,2026-09-24 00:00:00,2026-09-24 02:00,208.86,195.18,199.60
2026-09-24,2026-09-24 00:15:00,2026-09-24 02:15,204.29,195.18,196.50
2026-09-24,2026-09-24 00:30:00,2026-09-24 02:30,203.70,195.00,195.37
2026-09-24,2026-09-24 00:45:00,2026-09-24 02:45,203.24,193.76,195.37
2026-09-24,2026-09-24 01:00:00,2026-09-24 03:00,202.80,194.50,199.95
2026-09-24,2026-09-24 01:15:00,2026-09-24 03:15,200.68,194.16,199.60
2026-09-24,2026-09-24 01:30:00,2026-09-24 03:30,200.49,194.00,199.60
2026-09-24,2026-09-24 01:45:00,2026-09-24 03:45,199.51,193.76,199.60
2026-09-24,2026-09-24 02:00:00,2026-09-24 04:00,207.93,192.18,201.18
2026-09-24,2026-09-24 02:15:00,2026-09-24 04:15,207.81,192.18,201.18
2026-09-24,2026-09-24 02:30:00,2026-09-24 04:30,207.81,192.18,201.18
2026-09-24,2026-09-24 02:45:00,2026-09-24 04:45,210.74,193.23,202.48
2026-09-24,2026-09-24 03:00:00,2026-09-24 05:00,206.56,192.18,198.70
2026-09-24,2026-09-24 03:15:00,2026-09-24 05:15,203.56,192.18,199.60
2026-09-24,2026-09-24 03:30:00,2026-09-24 05:30,208.25,193.76,201.18
2026-09-24,2026-09-24 03:45:00,2026-09-24 05:45,208.93,195.98,202.48
2026-09-24,2026-09-24 04:00:00,2026-09-24 06:00,209.49,195.18,203.00
2026-09-24,2026-09-24 04:15:00,2026-09-24 06:15,210.38,196.17,205.12
2026-09-24,2026-09-24 04:30:00,2026-09-24 06:30,210.93,196.65,205.00
2026-09-24,2026-09-24 04:45:00,2026-09-24 06:45,212.07,200.00,210.01
2026-09-24,2026-09-24 05:00:00,2026-09-24 07:00,207.57,200.00,206.50
2026-09-24,2026-09-24 05:15:00,2026-09-24 07:15,210.36,210.00,219.88
2026-09-24,2026-09-24 05:30:00,2026-09-24 07:30,211.93,215.37,225.00
2026-09-24,2026-09-24 05:45:00,2026-09-24 07:45,217.24,220.42,226.90
2026-09-24,2026-09-24 06:00:00,2026-09-24 08:00,232.04,250.00,257.65
2026-09-24,2026-09-24 06:15:00,2026-09-24 08:15,233.75,238.03,240.50
2026-09-24,2026-09-24 06:30:00,2026-09-24 08:30,221.82,214.97,224.31
2026-09-24,2026-09-24 06:45:00,2026-09-24 08:45,212.08,195.98,189.12
2026-09-24,2026-09-24 07:00:00,2026-09-24 09:00,173.71,221.84,207.12
2026-09-24,2026-09-24 07:15:00,2026-09-24 09:15,164.00,194.99,193.88
2026-09-24,2026-09-24 07:30:00,2026-09-24 09:30,149.84,174.00,170.82
2026-09-24,2026-09-24 07:45:00,2026-09-24 09:45,125.22,120.00,134.93
2026-09-24,2026-09-24 08:00:00,2026-09-24 10:00,127.02,123.30,147.50
2026-09-24,2026-09-24 08:15:00,2026-09-24 10:15,107.34,110.03,115.27
2026-09-24,2026-09-24 08:30:00,2026-09-24 10:30,98.07,100.01,110.03
2026-09-24,2026-09-24 08:45:00,2026-09-24 10:45,82.18,85.20,100.00
2026-09-24,2026-09-24 09:00:00,2026-09-24 11:00,129.90,110.03,100.01
2026-09-24,2026-09-24 09:15:00,2026-09-24 11:15,100.39,100.01,75.00
2026-09-24,2026-09-24 09:30:00,2026-09-24 11:30,91.71,100.00,90.00
2026-09-24,2026-09-24 09:45:00,2026-09-24 11:45,65.56,81.30,75.00
2026-09-24,2026-09-24 10:00:00,2026-09-24 12:00,87.97,80.00,40.00
2026-09-24,2026-09-24 10:15:00,2026-09-24 12:15,77.07,75.00,35.00
2026-09-24,2026-09-24 10:30:00,2026-09-24 12:30,66.25,72.00,35.00
2026-09-24,2026-09-24 10:45:00,2026-09-24 12:45,50.53,63.60,30.00
2026-09-24,2026-09-24 11:00:00,2026-09-24 13:00,57.22,27.00,24.01
2026-09-24,2026-09-24 11:15:00,2026-09-24 13:15,46.94,24.01,24.01
2026-09-24,2026-09-24 11:30:00,2026-09-24 13:30,36.22,24.01,11.10
2026-09-24,2026-09-24 11:45:00,2026-09-24 13:45,33.17,24.01,10.02
2026-09-24,2026-09-24 12:00:00,2026-09-24 14:00,37.18,30.00,24.01
2026-09-24,2026-09-24 12:15:00,2026-09-24 14:15,33.64,34.99,23.38
2026-09-24,2026-09-24 12:30:00,2026-09-24 14:30,33.36,38.66,25.58
2026-09-24,2026-09-24 12:45:00,2026-09-24 14:45,32.92,38.55,27.23
2026-09-24,2026-09-24 13:00:00,2026-09-24 15:00,34.90,38.66,25.71
2026-09-24,2026-09-24 13:15:00,2026-09-24 15:15,34.14,38.77,28.28
2026-09-24,2026-09-24 13:30:00,2026-09-24 15:30,34.98,38.99,34.08
2026-09-24,2026-09-24 13:45:00,2026-09-24 15:45,36.50,40.00,38.77
2026-09-24,2026-09-24 14:00:00,2026-09-24 16:00,44.71,57.00,38.77
2026-09-24,2026-09-24 14:15:00,2026-09-24 16:15,45.75,70.00,50.00
2026-09-24,2026-09-24 14:30:00,2026-09-24 16:30,48.56,77.87,65.00
2026-09-24,2026-09-24 14:45:00,2026-09-24 16:45,53.66,86.18,80.00
2026-09-24,2026-09-24 15:00:00,2026-09-24 17:00,73.51,80.46,88.90
2026-09-24,2026-09-24 15:15:00,2026-09-24 17:15,79.21,89.83,96.80
2026-09-24,2026-09-24 15:30:00,2026-09-24 17:30,85.25,100.01,106.00
2026-09-24,2026-09-24 15:45:00,2026-09-24 17:45,95.58,110.70,114.00
2026-09-24,2026-09-24 16:00:00,2026-09-24 18:00,126.96,104.06,110.03
2026-09-24,2026-09-24 16:15:00,2026-09-24 18:15,142.49,130.00,120.98
2026-09-24,2026-09-24 16:30:00,2026-09-24 18:30,169.40,169.33,185.00
2026-09-24,2026-09-24 16:45:00,2026-09-24 18:45,181.54,196.92,203.50
2026-09-24,2026-09-24 17:00:00,2026-09-24 19:00,194.62,186.00,195.00
2026-09-24,2026-09-24 17:15:00,2026-09-24 19:15,204.04,207.06,223.53
2026-09-24,2026-09-24 17:30:00,2026-09-24 19:30,217.07,254.91,256.01
2026-09-24,2026-09-24 17:45:00,2026-09-24 19:45,224.01,288.23,274.36
2026-09-24,2026-09-24 18:00:00,2026-09-24 20:00,221.67,272.65,266.17
2026-09-24,2026-09-24 18:15:00,2026-09-24 20:15,221.25,275.00,267.01
2026-09-24,2026-09-24 18:30:00,2026-09-24 20:30,220.32,284.28,261.20
2026-09-24,2026-09-24 18:45:00,2026-09-24 20:45,219.40,284.28,261.17
2026-09-24,2026-09-24 19:00:00,2026-09-24 21:00,224.26,263.50,252.02
2026-09-24,2026-09-24 19:15:00,2026-09-24 21:15,223.38,263.50,249.61
2026-09-24,2026-09-24 19:30:00,2026-09-24 21:30,220.68,254.10,240.01
2026-09-24,2026-09-24 19:45:00,2026-09-24 21:45,215.33,251.30,251.72
2026-09-24,2026-09-24 20:00:00,2026-09-24 22:00,243.81,225.00,230.00
2026-09-24,2026-09-24 20:15:00,2026-09-24 22:15,240.77,210.51,226.00
2026-09-24,2026-09-24 20:30:00,2026-09-24 22:30,232.51,207.06,223.53
2026-09-24,2026-09-24 20:45:00,2026-09-24 22:45,229.44,198.80,219.88
2026-09-24,2026-09-24 21:00:00,2026-09-24 23:00,225.43,207.16,219.88
2026-09-24,2026-09-24 21:15:00,2026-09-24 23:15,223.08,200.00,210.63
2026-09-24,2026-09-24 21:30:00,2026-09-24 23:30,217.73,197.86,207.12
2026-09-24,2026-09-24 21:45:00,2026-09-24 23:45,218.70,196.65,205.24
2026-09-25,2026-09-24 22:00:00,2026-09-25 00:00,214.88,197.12,197.86
2026-09-25,2026-09-24 22:15:00,2026-09-25 00:15,208.60,196.65,197.00
2026-09-25,2026-09-24 22:30:00,2026-09-25 00:30,207.87,195.24,196.65
2026-09-25,2026-09-24 22:45:00,2026-09-25 00:45,204.48,195.68,196.65
2026-09-25,2026-09-24 23:00:00,2026-09-25 01:00,203.58,196.50,196.92
2026-09-25,2026-09-24 23:15:00,2026-09-25 01:15,201.37,195.24,196.65
2026-09-25,2026-09-24 23:30:00,2026-09-25 01:30,200.31,194.99,196.18
2026-09-25,2026-09-24 23:45:00,2026-09-25 01:45,197.51,194.30,195.98
2026-09-25,2026-09-25 00:00:00,2026-09-25 02:00,202.81,190.00,195.18
2026-09-25,2026-09-25 00:15:00,2026-09-25 02:15,202.33,187.31,195.18
2026-09-25,2026-09-25 00:30:00,2026-09-25 02:30,201.35,187.31,195.00
2026-09-25,2026-09-25 00:45:00,2026-09-25 02:45,200.88,187.31,193.76
2026-09-25,2026-09-25 01:00:00,2026-09-25 03:00,200.23,187.27,194.50
2026-09-25,2026-09-25 01:15:00,2026-09-25 03:15,199.86,187.27,194.16
2026-09-25,2026-09-25 01:30:00,2026-09-25 03:30,197.54,187.27,194.00
2026-09-25,2026-09-25 01:45:00,2026-09-25 03:45,197.35,187.27,193.76
2026-09-25,2026-09-25 02:00:00,2026-09-25 04:00,206.00,187.23,192.18
2026-09-25,2026-09-25 02:15:00,2026-09-25 04:15,205.72,186.00,192.18
2026-09-25,2026-09-25 02:30:00,2026-09-25 04:30,205.69,186.00,192.18
2026-09-25,2026-09-25 02:45:00,2026-09-25 04:45,205.92,187.23,193.23
2026-09-25,2026-09-25 03:00:00,2026-09-25 05:00,201.38,185.80,192.18
2026-09-25,2026-09-25 03:15:00,2026-09-25 05:15,201.35,187.20,192.18
2026-09-25,2026-09-25 03:30:00,2026-09-25 05:30,201.60,187.20,193.76
2026-09-25,2026-09-25 03:45:00,2026-09-25 05:45,202.55,189.40,195.98
2026-09-25,2026-09-25 04:00:00,2026-09-25 06:00,201.44,196.18,195.18
2026-09-25,2026-09-25 04:15:00,2026-09-25 06:15,200.58,197.12,196.17
2026-09-25,2026-09-25 04:30:00,2026-09-25 06:30,200.70,199.56,196.65
2026-09-25,2026-09-25 04:45:00,2026-09-25 06:45,202.86,210.94,200.00
2026-09-25,2026-09-25 05:00:00,2026-09-25 07:00,199.55,219.93,200.00
2026-09-25,2026-09-25 05:15:00,2026-09-25 07:15,206.43,237.02,210.00
2026-09-25,2026-09-25 05:30:00,2026-09-25 07:30,208.16,243.97,215.37
2026-09-25,2026-09-25 05:45:00,2026-09-25 07:45,213.47,246.06,220.42
2026-09-25,2026-09-25 06:00:00,2026-09-25 08:00,235.67,261.99,250.00
2026-09-25,2026-09-25 06:15:00,2026-09-25 08:15,226.93,251.30,238.03
2026-09-25,2026-09-25 06:30:00,2026-09-25 08:30,213.79,235.00,214.97
2026-09-25,2026-09-25 06:45:00,2026-09-25 08:45,200.38,200.00,195.98
2026-09-25,2026-09-25 07:00:00,2026-09-25 09:00,156.80,201.18,221.84
2026-09-25,2026-09-25 07:15:00,2026-09-25 09:15,144.56,199.30,194.99
2026-09-25,2026-09-25 07:30:00,2026-09-25 09:30,134.91,189.27,174.00
2026-09-25,2026-09-25 07:45:00,2026-09-25 09:45,105.79,157.50,120.00
2026-09-25,2026-09-25 08:00:00,2026-09-25 10:00,120.20,163.00,123.30
2026-09-25,2026-09-25 08:15:00,2026-09-25 10:15,107.41,120.98,110.03
2026-09-25,2026-09-25 08:30:00,2026-09-25 10:30,98.97,112.33,100.01
2026-09-25,2026-09-25 08:45:00,2026-09-25 10:45,83.66,100.01,85.20
2026-09-25,2026-09-25 09:00:00,2026-09-25 11:00,126.47,110.03,110.03
2026-09-25,2026-09-25 09:15:00,2026-09-25 11:15,107.82,110.03,100.01
2026-09-25,2026-09-25 09:30:00,2026-09-25 11:30,100.94,100.01,100.00
2026-09-25,2026-09-25 09:45:00,2026-09-25 11:45,82.47,100.01,81.30
2026-09-25,2026-09-25 10:00:00,2026-09-25 12:00,98.25,90.00,80.00
2026-09-25,2026-09-25 10:15:00,2026-09-25 12:15,87.73,71.30,75.00
2026-09-25,2026-09-25 10:30:00,2026-09-25 12:30,81.94,68.60,72.00
2026-09-25,2026-09-25 10:45:00,2026-09-25 12:45,70.90,67.10,63.60
2026-09-25,2026-09-25 11:00:00,2026-09-25 13:00,78.18,40.00,27.00
2026-09-25,2026-09-25 11:15:00,2026-09-25 13:15,68.56,36.12,24.01
2026-09-25,2026-09-25 11:30:00,2026-09-25 13:30,66.17,26.14,24.01
2026-09-25,2026-09-25 11:45:00,2026-09-25 13:45,59.78,20.01,24.01
2026-09-25,2026-09-25 12:00:00,2026-09-25 14:00,55.69,23.12,30.00
2026-09-25,2026-09-25 12:15:00,2026-09-25 14:15,55.83,35.00,34.99
2026-09-25,2026-09-25 12:30:00,2026-09-25 14:30,53.91,38.99,38.66
2026-09-25,2026-09-25 12:45:00,2026-09-25 14:45,51.45,39.10,38.55
2026-09-25,2026-09-25 13:00:00,2026-09-25 15:00,47.79,39.10,38.66
2026-09-25,2026-09-25 13:15:00,2026-09-25 15:15,47.33,39.10,38.77
2026-09-25,2026-09-25 13:30:00,2026-09-25 15:30,46.60,38.66,38.99
2026-09-25,2026-09-25 13:45:00,2026-09-25 15:45,45.57,44.01,40.00
2026-09-25,2026-09-25 14:00:00,2026-09-25 16:00,54.82,65.00,57.00
2026-09-25,2026-09-25 14:15:00,2026-09-25 16:15,57.51,69.00,70.00
2026-09-25,2026-09-25 14:30:00,2026-09-25 16:30,60.53,74.61,77.87
2026-09-25,2026-09-25 14:45:00,2026-09-25 16:45,63.63,88.54,86.18
2026-09-25,2026-09-25 15:00:00,2026-09-25 17:00,74.04,91.50,80.46
2026-09-25,2026-09-25 15:15:00,2026-09-25 17:15,75.95,100.65,89.83
2026-09-25,2026-09-25 15:30:00,2026-09-25 17:30,81.51,111.42,100.01
2026-09-25,2026-09-25 15:45:00,2026-09-25 17:45,85.51,115.00,110.70
2026-09-25,2026-09-25 16:00:00,2026-09-25 18:00,93.70,112.33,104.06
2026-09-25,2026-09-25 16:15:00,2026-09-25 18:15,110.20,125.00,130.00
2026-09-25,2026-09-25 16:30:00,2026-09-25 18:30,138.21,187.65,169.33
2026-09-25,2026-09-25 16:45:00,2026-09-25 18:45,161.11,210.01,196.92
2026-09-25,2026-09-25 17:00:00,2026-09-25 19:00,177.77,195.00,186.00
2026-09-25,2026-09-25 17:15:00,2026-09-25 19:15,185.59,220.99,207.06
2026-09-25,2026-09-25 17:30:00,2026-09-25 19:30,199.68,255.10,254.91
2026-09-25,2026-09-25 17:45:00,2026-09-25 19:45,212.42,287.13,288.23
2026-09-25,2026-09-25 18:00:00,2026-09-25 20:00,214.26,270.00,272.65
2026-09-25,2026-09-25 18:15:00,2026-09-25 20:15,214.44,255.00,275.00
2026-09-25,2026-09-25 18:30:00,2026-09-25 20:30,212.90,251.30,284.28
2026-09-25,2026-09-25 18:45:00,2026-09-25 20:45,209.85,244.81,284.28
2026-09-25,2026-09-25 19:00:00,2026-09-25 21:00,213.32,244.81,263.50
2026-09-25,2026-09-25 19:15:00,2026-09-25 21:15,212.02,240.00,263.50
2026-09-25,2026-09-25 19:30:00,2026-09-25 21:30,212.55,220.00,254.10
2026-09-25,2026-09-25 19:45:00,2026-09-25 21:45,207.07,204.46,251.30
2026-09-25,2026-09-25 20:00:00,2026-09-25 22:00,210.03,220.92,225.00
2026-09-25,2026-09-25 20:15:00,2026-09-25 22:15,211.40,210.00,210.51
2026-09-25,2026-09-25 20:30:00,2026-09-25 22:30,210.36,203.67,207.06
2026-09-25,2026-09-25 20:45:00,2026-09-25 22:45,203.81,196.65,198.80
2026-09-25,2026-09-25 21:00:00,2026-09-25 23:00,192.30,201.18,207.16
2026-09-25,2026-09-25 21:15:00,2026-09-25 23:15,187.99,198.50,200.00
2026-09-25,2026-09-25 21:30:00,2026-09-25 23:30,184.42,194.86,197.86
2026-09-25,2026-09-25 21:45:00,2026-09-25 23:45,182.48,185.30,196.65
2026-09-26,2026-09-25 22:00:00,2026-09-26 00:00,190.85,207.72,197.12
2026-09-26,2026-09-25 22:15:00,2026-09-26 00:15,189.62,201.51,196.65
2026-09-26,2026-09-25 22:30:00,2026-09-26 00:30,186.65,194.81,195.24
2026-09-26,2026-09-25 22:45:00,2026-09-26 00:45,182.45,187.92,195.68
2026-09-26,2026-09-25 23:00:00,2026-09-26 01:00,186.06,189.42,196.50
2026-09-26,2026-09-25 23:15:00,2026-09-26 01:15,184.54,185.76,195.24
2026-09-26,2026-09-25 23:30:00,2026-09-26 01:30,180.84,184.41,194.99
2026-09-26,2026-09-25 23:45:00,2026-09-26 01:45,179.42,183.36,194.30
2026-09-26,2026-09-26 00:00:00,2026-09-26 02:00,191.89,184.18,190.00
2026-09-26,2026-09-26 00:15:00,2026-09-26 02:15,188.78,184.02,187.31
2026-09-26,2026-09-26 00:30:00,2026-09-26 02:30,190.11,184.02,187.31
2026-09-26,2026-09-26 00:45:00,2026-09-26 02:45,189.50,183.08,187.31
2026-09-26,2026-09-26 01:00:00,2026-09-26 03:00,190.34,183.08,187.27
2026-09-26,2026-09-26 01:15:00,2026-09-26 03:15,188.21,183.08,187.27
2026-09-26,2026-09-26 01:30:00,2026-09-26 03:30,187.76,184.02,187.27
2026-09-26,2026-09-26 01:45:00,2026-09-26 03:45,185.57,183.43,187.27
2026-09-26,2026-09-26 02:00:00,2026-09-26 04:00,187.24,184.00,187.23
2026-09-26,2026-09-26 02:15:00,2026-09-26 04:15,186.91,184.02,186.00
2026-09-26,2026-09-26 02:30:00,2026-09-26 04:30,184.97,184.02,186.00
2026-09-26,2026-09-26 02:45:00,2026-09-26 04:45,184.95,184.18,187.23
2026-09-26,2026-09-26 03:00:00,2026-09-26 05:00,190.06,184.02,185.80
2026-09-26,2026-09-26 03:15:00,2026-09-26 05:15,190.05,184.18,187.20
2026-09-26,2026-09-26 03:30:00,2026-09-26 05:30,188.08,184.18,187.20
2026-09-26,2026-09-26 03:45:00,2026-09-26 05:45,188.30,184.18,189.40
2026-09-26,2026-09-26 04:00:00,2026-09-26 06:00,188.37,184.02,196.18
2026-09-26,2026-09-26 04:15:00,2026-09-26 06:15,188.28,184.02,197.12
2026-09-26,2026-09-26 04:30:00,2026-09-26 06:30,188.22,184.15,199.56
2026-09-26,2026-09-26 04:45:00,2026-09-26 06:45,192.15,190.61,210.94
2026-09-26,2026-09-26 05:00:00,2026-09-26 07:00,195.67,194.92,219.93
2026-09-26,2026-09-26 05:15:00,2026-09-26 07:15,201.38,196.88,237.02
2026-09-26,2026-09-26 05:30:00,2026-09-26 07:30,201.66,195.60,243.97
2026-09-26,2026-09-26 05:45:00,2026-09-26 07:45,199.65,196.76,246.06
2026-09-26,2026-09-26 06:00:00,2026-09-26 08:00,208.00,211.34,261.99
2026-09-26,2026-09-26 06:15:00,2026-09-26 08:15,205.90,203.00,251.30
2026-09-26,2026-09-26 06:30:00,2026-09-26 08:30,199.51,188.29,235.00
2026-09-26,2026-09-26 06:45:00,2026-09-26 08:45,186.03,170.00,200.00
2026-09-26,2026-09-26 07:00:00,2026-09-26 09:00,126.34,193.17,201.18
2026-09-26,2026-09-26 07:15:00,2026-09-26 09:15,116.36,165.98,199.30
2026-09-26,2026-09-26 07:30:00,2026-09-26 09:30,108.18,139.03,189.27
2026-09-26,2026-09-26 07:45:00,2026-09-26 09:45,92.88,111.20,157.50
2026-09-26,2026-09-26 08:00:00,2026-09-26 10:00,98.11,105.07,163.00
2026-09-26,2026-09-26 08:15:00,2026-09-26 10:15,68.07,89.63,120.98
2026-09-26,2026-09-26 08:30:00,2026-09-26 10:30,43.67,38.66,112.33
2026-09-26,2026-09-26 08:45:00,2026-09-26 10:45,31.52,4.77,100.01
2026-09-26,2026-09-26 09:00:00,2026-09-26 11:00,82.18,6.74,110.03
2026-09-26,2026-09-26 09:15:00,2026-09-26 11:15,56.27,1.50,110.03
2026-09-26,2026-09-26 09:30:00,2026-09-26 11:30,41.00,1.50,100.01
2026-09-26,2026-09-26 09:45:00,2026-09-26 11:45,23.98,1.08,100.01
2026-09-26,2026-09-26 10:00:00,2026-09-26 12:00,20.90,1.75,90.00
2026-09-26,2026-09-26 10:15:00,2026-09-26 12:15,15.75,1.75,71.30
2026-09-26,2026-09-26 10:30:00,2026-09-26 12:30,15.99,1.75,68.60
2026-09-26,2026-09-26 10:45:00,2026-09-26 12:45,-0.56,1.75,67.10
2026-09-26,2026-09-26 11:00:00,2026-09-26 13:00,-0.56,1.75,40.00
2026-09-26,2026-09-26 11:15:00,2026-09-26 13:15,-0.56,1.00,36.12
2026-09-26,2026-09-26 11:30:00,2026-09-26 13:30,-0.56,0.71,26.14
2026-09-26,2026-09-26 11:45:00,2026-09-26 13:45,-0.56,0.66,20.01
2026-09-26,2026-09-26 12:00:00,2026-09-26 14:00,-0.56,0.66,23.12
2026-09-26,2026-09-26 12:15:00,2026-09-26 14:15,-0.56,0.54,35.00
2026-09-26,2026-09-26 12:30:00,2026-09-26 14:30,-0.56,0.51,38.99
2026-09-26,2026-09-26 12:45:00,2026-09-26 14:45,-0.56,0.51,39.10
2026-09-26,2026-09-26 13:00:00,2026-09-26 15:00,-0.56,0.45,39.10
2026-09-26,2026-09-26 13:15:00,2026-09-26 15:15,-0.56,0.45,39.10
2026-09-26,2026-09-26 13:30:00,2026-09-26 15:30,-0.56,0.51,38.66
2026-09-26,2026-09-26 13:45:00,2026-09-26 15:45,-0.56,0.51,44.01
2026-09-26,2026-09-26 14:00:00,2026-09-26 16:00,-0.56,0.58,65.00
2026-09-26,2026-09-26 14:15:00,2026-09-26 16:15,-0.56,0.92,69.00
2026-09-26,2026-09-26 14:30:00,2026-09-26 16:30,-0.56,1.08,74.61
2026-09-26,2026-09-26 14:45:00,2026-09-26 16:45,18.15,1.50,88.54
2026-09-26,2026-09-26 15:00:00,2026-09-26 17:00,23.71,2.00,91.50
2026-09-26,2026-09-26 15:15:00,2026-09-26 17:15,26.65,20.24,100.65
2026-09-26,2026-09-26 15:30:00,2026-09-26 17:30,30.36,39.10,111.42
2026-09-26,2026-09-26 15:45:00,2026-09-26 17:45,31.66,92.48,115.00
2026-09-26,2026-09-26 16:00:00,2026-09-26 18:00,42.36,97.70,112.33
2026-09-26,2026-09-26 16:15:00,2026-09-26 18:15,49.97,115.70,125.00
2026-09-26,2026-09-26 16:30:00,2026-09-26 18:30,70.27,160.01,187.65
2026-09-26,2026-09-26 16:45:00,2026-09-26 18:45,82.73,195.18,210.01
2026-09-26,2026-09-26 17:00:00,2026-09-26 19:00,103.95,184.02,195.00
2026-09-26,2026-09-26 17:15:00,2026-09-26 19:15,125.62,210.00,220.99
2026-09-26,2026-09-26 17:30:00,2026-09-26 19:30,141.53,243.61,255.10
2026-09-26,2026-09-26 17:45:00,2026-09-26 19:45,148.56,251.08,287.13
2026-09-26,2026-09-26 18:00:00,2026-09-26 20:00,148.77,238.97,270.00
2026-09-26,2026-09-26 18:15:00,2026-09-26 20:15,148.48,232.00,255.00
2026-09-26,2026-09-26 18:30:00,2026-09-26 20:30,149.00,222.48,251.30
2026-09-26,2026-09-26 18:45:00,2026-09-26 20:45,147.15,211.99,244.81
2026-09-26,2026-09-26 19:00:00,2026-09-26 21:00,191.68,218.18,244.81
2026-09-26,2026-09-26 19:15:00,2026-09-26 21:15,197.75,210.24,240.00
2026-09-26,2026-09-26 19:30:00,2026-09-26 21:30,195.76,205.53,220.00
2026-09-26,2026-09-26 19:45:00,2026-09-26 21:45,197.77,200.00,204.46
2026-09-26,2026-09-26 20:00:00,2026-09-26 22:00,203.05,207.00,220.92
2026-09-26,2026-09-26 20:15:00,2026-09-26 22:15,201.79,200.62,210.00
2026-09-26,2026-09-26 20:30:00,2026-09-26 22:30,200.40,197.73,203.67
2026-09-26,2026-09-26 20:45:00,2026-09-26 22:45,198.94,191.89,196.65
2026-09-26,2026-09-26 21:00:00,2026-09-26 23:00,191.38,195.20,201.18
2026-09-26,2026-09-26 21:15:00,2026-09-26 23:15,190.23,188.45,198.50
2026-09-26,2026-09-26 21:30:00,2026-09-26 23:30,187.73,182.55,194.86
2026-09-26,2026-09-26 21:45:00,2026-09-26 23:45,183.65,177.80,185.30
2026-09-27,2026-09-26 22:00:00,2026-09-27 00:00,201.33,192.07,207.72
2026-09-27,2026-09-26 22:15:00,2026-09-27 00:15,195.08,187.00,201.51
2026-09-27,2026-09-26 22:30:00,2026-09-27 00:30,192.26,183.34,194.81
2026-09-27,2026-09-26 22:45:00,2026-09-27 00:45,189.09,172.83,187.92
2026-09-27,2026-09-26 23:00:00,2026-09-27 01:00,190.67,180.70,189.42
2026-09-27,2026-09-26 23:15:00,2026-09-27 01:15,188.15,178.00,185.76
2026-09-27,2026-09-26 23:30:00,2026-09-27 01:30,185.29,176.62,184.41
2026-09-27,2026-09-26 23:45:00,2026-09-27 01:45,183.02,178.00,183.36
2026-09-27,2026-09-27 00:00:00,2026-09-27 02:00,178.05,176.00,184.18
2026-09-27,2026-09-27 00:15:00,2026-09-27 02:15,177.36,171.31,184.02
2026-09-27,2026-09-27 00:30:00,2026-09-27 02:30,178.37,169.97,184.02
2026-09-27,2026-09-27 00:45:00,2026-09-27 02:45,177.57,168.08,183.08
2026-09-27,2026-09-27 01:00:00,2026-09-27 03:00,174.78,168.16,183.08
2026-09-27,2026-09-27 01:15:00,2026-09-27 03:15,173.96,166.78,183.08
2026-09-27,2026-09-27 01:30:00,2026-09-27 03:30,173.69,165.40,184.02
2026-09-27,2026-09-27 01:45:00,2026-09-27 03:45,172.56,165.39,183.43
2026-09-27,2026-09-27 02:00:00,2026-09-27 04:00,186.04,165.00,184.00
2026-09-27,2026-09-27 02:15:00,2026-09-27 04:15,185.59,160.83,184.02
2026-09-27,2026-09-27 02:30:00,2026-09-27 04:30,183.43,160.44,184.02
2026-09-27,2026-09-27 02:45:00,2026-09-27 04:45,183.06,160.00,184.18
2026-09-27,2026-09-27 03:00:00,2026-09-27 05:00,184.34,160.44,184.02
2026-09-27,2026-09-27 03:15:00,2026-09-27 05:15,184.25,158.08,184.18
2026-09-27,2026-09-27 03:30:00,2026-09-27 05:30,183.71,159.40,184.18
2026-09-27,2026-09-27 03:45:00,2026-09-27 05:45,183.49,156.76,184.18
2026-09-27,2026-09-27 04:00:00,2026-09-27 06:00,187.93,156.25,184.02
2026-09-27,2026-09-27 04:15:00,2026-09-27 06:15,187.89,156.79,184.02
2026-09-27,2026-09-27 04:30:00,2026-09-27 06:30,188.01,163.19,184.15
2026-09-27,2026-09-27 04:45:00,2026-09-27 06:45,189.78,163.77,190.61
2026-09-27,2026-09-27 05:00:00,2026-09-27 07:00,192.34,169.21,194.92
2026-09-27,2026-09-27 05:15:00,2026-09-27 07:15,193.69,166.78,196.88
2026-09-27,2026-09-27 05:30:00,2026-09-27 07:30,192.79,168.36,195.60
2026-09-27,2026-09-27 05:45:00,2026-09-27 07:45,193.32,168.36,196.76
2026-09-27,2026-09-27 06:00:00,2026-09-27 08:00,199.25,171.20,211.34
2026-09-27,2026-09-27 06:15:00,2026-09-27 08:15,196.77,166.78,203.00
2026-09-27,2026-09-27 06:30:00,2026-09-27 08:30,190.68,157.40,188.29
2026-09-27,2026-09-27 06:45:00,2026-09-27 08:45,177.69,125.10,170.00
2026-09-27,2026-09-27 07:00:00,2026-09-27 09:00,126.03,121.38,193.17
2026-09-27,2026-09-27 07:15:00,2026-09-27 09:15,110.00,104.81,165.98
2026-09-27,2026-09-27 07:30:00,2026-09-27 09:30,94.51,83.92,139.03
2026-09-27,2026-09-27 07:45:00,2026-09-27 09:45,72.71,23.14,111.20
2026-09-27,2026-09-27 08:00:00,2026-09-27 10:00,80.80,38.55,105.07
2026-09-27,2026-09-27 08:15:00,2026-09-27 10:15,54.99,15.85,89.63
2026-09-27,2026-09-27 08:30:00,2026-09-27 10:30,32.32,4.47,38.66
2026-09-27,2026-09-27 08:45:00,2026-09-27 10:45,-0.56,2.27,4.77
2026-09-27,2026-09-27 09:00:00,2026-09-27 11:00,17.75,0.89,6.74
2026-09-27,2026-09-27 09:15:00,2026-09-27 11:15,-0.56,0.00,1.50
2026-09-27,2026-09-27 09:30:00,2026-09-27 11:30,-0.56,0.00,1.50
2026-09-27,2026-09-27 09:45:00,2026-09-27 11:45,-0.56,0.00,1.08
2026-09-27,2026-09-27 10:00:00,2026-09-27 12:00,-0.56,0.00,1.75
2026-09-27,2026-09-27 10:15:00,2026-09-27 12:15,-0.56,0.10,1.75
2026-09-27,2026-09-27 10:30:00,2026-09-27 12:30,-0.56,0.27,1.75
2026-09-27,2026-09-27 10:45:00,2026-09-27 12:45,-0.56,0.27,1.75
2026-09-27,2026-09-27 11:00:00,2026-09-27 13:00,-0.56,0.27,1.75
2026-09-27,2026-09-27 11:15:00,2026-09-27 13:15,-0.56,0.00,1.00
2026-09-27,2026-09-27 11:30:00,2026-09-27 13:30,-0.56,0.00,0.71
2026-09-27,2026-09-27 11:45:00,2026-09-27 13:45,-0.56,0.00,0.66
2026-09-27,2026-09-27 12:00:00,2026-09-27 14:00,-0.56,0.00,0.66
2026-09-27,2026-09-27 12:15:00,2026-09-27 14:15,-0.56,0.00,0.54
2026-09-27,2026-09-27 12:30:00,2026-09-27 14:30,-0.56,0.00,0.51
2026-09-27,2026-09-27 12:45:00,2026-09-27 14:45,-0.56,0.00,0.51
2026-09-27,2026-09-27 13:00:00,2026-09-27 15:00,-0.56,-0.01,0.45
2026-09-27,2026-09-27 13:15:00,2026-09-27 15:15,-0.56,-0.01,0.45
2026-09-27,2026-09-27 13:30:00,2026-09-27 15:30,-0.56,0.00,0.51
2026-09-27,2026-09-27 13:45:00,2026-09-27 15:45,-0.56,0.00,0.51
2026-09-27,2026-09-27 14:00:00,2026-09-27 16:00,-0.56,0.00,0.58
2026-09-27,2026-09-27 14:15:00,2026-09-27 16:15,-0.56,0.15,0.92
2026-09-27,2026-09-27 14:30:00,2026-09-27 16:30,-0.56,1.99,1.08
2026-09-27,2026-09-27 14:45:00,2026-09-27 16:45,-0.56,3.43,1.50
2026-09-27,2026-09-27 15:00:00,2026-09-27 17:00,-0.56,5.88,2.00
2026-09-27,2026-09-27 15:15:00,2026-09-27 17:15,-0.56,38.66,20.24
2026-09-27,2026-09-27 15:30:00,2026-09-27 17:30,-0.56,83.17,39.10
2026-09-27,2026-09-27 15:45:00,2026-09-27 17:45,35.16,100.00,92.48
2026-09-27,2026-09-27 16:00:00,2026-09-27 18:00,60.86,105.07,97.70
2026-09-27,2026-09-27 16:15:00,2026-09-27 18:15,68.84,130.00,115.70
2026-09-27,2026-09-27 16:30:00,2026-09-27 18:30,86.21,168.36,160.01
2026-09-27,2026-09-27 16:45:00,2026-09-27 18:45,101.46,202.34,195.18
2026-09-27,2026-09-27 17:00:00,2026-09-27 19:00,133.95,169.02,184.02
2026-09-27,2026-09-27 17:15:00,2026-09-27 19:15,143.20,190.69,210.00
2026-09-27,2026-09-27 17:30:00,2026-09-27 19:30,151.33,205.00,243.61
2026-09-27,2026-09-27 17:45:00,2026-09-27 19:45,158.25,210.26,251.08
2026-09-27,2026-09-27 18:00:00,2026-09-27 20:00,165.33,201.21,238.97
2026-09-27,2026-09-27 18:15:00,2026-09-27 20:15,163.81,201.00,232.00
2026-09-27,2026-09-27 18:30:00,2026-09-27 20:30,163.02,197.33,222.48
2026-09-27,2026-09-27 18:45:00,2026-09-27 20:45,158.88,187.00,211.99
2026-09-27,2026-09-27 19:00:00,2026-09-27 21:00,181.38,191.66,218.18
2026-09-27,2026-09-27 19:15:00,2026-09-27 21:15,185.79,185.60,210.24
2026-09-27,2026-09-27 19:30:00,2026-09-27 21:30,188.89,183.76,205.53
2026-09-27,2026-09-27 19:45:00,2026-09-27 21:45,187.36,180.00,200.00
2026-09-27,2026-09-27 20:00:00,2026-09-27 22:00,204.91,183.00,207.00
2026-09-27,2026-09-27 20:15:00,2026-09-27 22:15,202.91,178.45,200.62
2026-09-27,2026-09-27 20:30:00,2026-09-27 22:30,201.59,172.32,197.73
2026-09-27,2026-09-27 20:45:00,2026-09-27 22:45,196.28,167.14,191.89
2026-09-27,2026-09-27 21:00:00,2026-09-27 23:00,196.21,168.36,195.20
2026-09-27,2026-09-27 21:15:00,2026-09-27 23:15,192.05,166.78,188.45
2026-09-27,2026-09-27 21:30:00,2026-09-27 23:30,188.90,165.20,182.55
2026-09-27,2026-09-27 21:45:00,2026-09-27 23:45,183.61,160.00,177.80
2026-09-29,2026-09-28 22:00:00,2026-09-29 00:00,194.67,228.10,173.80
2026-09-29,2026-09-28 22:15:00,2026-09-29 00:15,191.76,214.38,170.06
2026-09-29,2026-09-28 22:30:00,2026-09-29 00:30,188.38,200.25,165.12
2026-09-29,2026-09-28 22:45:00,2026-09-29 00:45,185.66,196.46,162.51
2026-09-29,2026-09-28 23:00:00,2026-09-29 01:00,180.94,215.99,170.00
2026-09-29,2026-09-28 23:15:00,2026-09-29 01:15,180.29,205.03,165.39
2026-09-29,2026-09-28 23:30:00,2026-09-29 01:30,178.85,197.02,163.54
2026-09-29,2026-09-28 23:45:00,2026-09-29 01:45,178.64,192.00,165.00
2026-09-29,2026-09-29 00:00:00,2026-09-29 02:00,174.27,190.00,160.54
2026-09-29,2026-09-29 00:15:00,2026-09-29 02:15,171.67,187.27,160.00
2026-09-29,2026-09-29 00:30:00,2026-09-29 02:30,169.99,185.59,157.96
2026-09-29,2026-09-29 00:45:00,2026-09-29 02:45,169.78,181.40,157.93
2026-09-29,2026-09-29 01:00:00,2026-09-29 03:00,168.30,184.01,157.22
2026-09-29,2026-09-29 01:15:00,2026-09-29 03:15,168.29,177.58,157.29
2026-09-29,2026-09-29 01:30:00,2026-09-29 03:30,169.25,171.65,157.44
2026-09-29,2026-09-29 01:45:00,2026-09-29 03:45,168.22,166.90,159.56
2026-09-29,2026-09-29 02:00:00,2026-09-29 04:00,166.56,166.20,158.58
2026-09-29,2026-09-29 02:15:00,2026-09-29 04:15,166.80,163.53,160.00
2026-09-29,2026-09-29 02:30:00,2026-09-29 04:30,168.11,161.95,163.54
2026-09-29,2026-09-29 02:45:00,2026-09-29 04:45,170.17,158.41,168.69
2026-09-29,2026-09-29 03:00:00,2026-09-29 05:00,177.01,157.10,169.26
2026-09-29,2026-09-29 03:15:00,2026-09-29 05:15,178.02,160.70,173.10
2026-09-29,2026-09-29 03:30:00,2026-09-29 05:30,180.36,172.94,178.08
2026-09-29,2026-09-29 03:45:00,2026-09-29 05:45,181.50,180.00,185.90
2026-09-29,2026-09-29 04:00:00,2026-09-29 06:00,183.86,172.80,193.68
2026-09-29,2026-09-29 04:15:00,2026-09-29 06:15,188.46,185.00,204.99
2026-09-29,2026-09-29 04:30:00,2026-09-29 06:30,192.96,194.62,214.84
2026-09-29,2026-09-29 04:45:00,2026-09-29 06:45,199.17,210.37,231.02
2026-09-29,2026-09-29 05:00:00,2026-09-29 07:00,201.05,211.75,229.39
2026-09-29,2026-09-29 05:15:00,2026-09-29 07:15,203.30,228.10,244.02
2026-09-29,2026-09-29 05:30:00,2026-09-29 07:30,204.42,228.64,246.30
2026-09-29,2026-09-29 05:45:00,2026-09-29 07:45,206.61,228.10,245.84
2026-09-29,2026-09-29 06:00:00,2026-09-29 08:00,205.84,239.17,275.95
2026-09-29,2026-09-29 06:15:00,2026-09-29 08:15,204.40,231.15,254.90
2026-09-29,2026-09-29 06:30:00,2026-09-29 08:30,199.35,216.12,241.63
2026-09-29,2026-09-29 06:45:00,2026-09-29 08:45,186.20,193.96,227.52
2026-09-29,2026-09-29 07:00:00,2026-09-29 09:00,156.99,215.83,255.75
2026-09-29,2026-09-29 07:15:00,2026-09-29 09:15,150.11,189.43,241.60
2026-09-29,2026-09-29 07:30:00,2026-09-29 09:30,138.69,162.72,233.16
2026-09-29,2026-09-29 07:45:00,2026-09-29 09:45,122.36,123.20,213.58
2026-09-29,2026-09-29 08:00:00,2026-09-29 10:00,102.11,120.98,233.08
2026-09-29,2026-09-29 08:15:00,2026-09-29 10:15,98.41,108.14,229.39
2026-09-29,2026-09-29 08:30:00,2026-09-29 10:30,92.49,81.56,214.38
2026-09-29,2026-09-29 08:45:00,2026-09-29 10:45,82.70,38.66,209.87
2026-09-29,2026-09-29 09:00:00,2026-09-29 11:00,131.80,38.55,209.87
2026-09-29,2026-09-29 09:15:00,2026-09-29 11:15,107.32,11.45,192.00
2026-09-29,2026-09-29 09:30:00,2026-09-29 11:30,88.80,5.88,182.00
2026-09-29,2026-09-29 09:45:00,2026-09-29 11:45,62.05,5.01,175.58
2026-09-29,2026-09-29 10:00:00,2026-09-29 12:00,95.58,5.88,175.43
2026-09-29,2026-09-29 10:15:00,2026-09-29 12:15,81.97,3.43,155.00
2026-09-29,2026-09-29 10:30:00,2026-09-29 12:30,67.31,3.43,153.75
2026-09-29,2026-09-29 10:45:00,2026-09-29 12:45,60.33,2.81,148.56
2026-09-29,2026-09-29 11:00:00,2026-09-29 13:00,74.22,1.96,151.94
2026-09-29,2026-09-29 11:15:00,2026-09-29 13:15,66.64,1.50,147.32
2026-09-29,2026-09-29 11:30:00,2026-09-29 13:30,65.27,1.49,149.50
2026-09-29,2026-09-29 11:45:00,2026-09-29 13:45,62.04,1.15,152.53
2026-09-29,2026-09-29 12:00:00,2026-09-29 14:00,61.08,1.08,152.40
2026-09-29,2026-09-29 12:15:00,2026-09-29 14:15,61.15,1.08,155.42
2026-09-29,2026-09-29 12:30:00,2026-09-29 14:30,60.35,1.08,159.00
2026-09-29,2026-09-29 12:45:00,2026-09-29 14:45,58.41,1.08,163.58
2026-09-29,2026-09-29 13:00:00,2026-09-29 15:00,40.60,1.08,158.10
2026-09-29,2026-09-29 13:15:00,2026-09-29 15:15,40.08,1.08,164.76
2026-09-29,2026-09-29 13:30:00,2026-09-29 15:30,35.99,1.09,165.00
2026-09-29,2026-09-29 13:45:00,2026-09-29 15:45,42.11,1.20,182.00
2026-09-29,2026-09-29 14:00:00,2026-09-29 16:00,45.05,2.00,169.95
2026-09-29,2026-09-29 14:15:00,2026-09-29 16:15,55.56,3.43,186.87
2026-09-29,2026-09-29 14:30:00,2026-09-29 16:30,60.44,5.01,201.93
2026-09-29,2026-09-29 14:45:00,2026-09-29 16:45,63.71,5.88,217.88
2026-09-29,2026-09-29 15:00:00,2026-09-29 17:00,72.12,12.03,207.45
2026-09-29,2026-09-29 15:15:00,2026-09-29 17:15,74.07,38.55,231.26
2026-09-29,2026-09-29 15:30:00,2026-09-29 17:30,83.64,78.40,241.07
2026-09-29,2026-09-29 15:45:00,2026-09-29 17:45,86.60,92.00,250.00
2026-09-29,2026-09-29 16:00:00,2026-09-29 18:00,104.47,77.55,207.69
2026-09-29,2026-09-29 16:15:00,2026-09-29 18:15,118.44,109.81,214.38
2026-09-29,2026-09-29 16:30:00,2026-09-29 18:30,135.36,125.00,231.15
2026-09-29,2026-09-29 16:45:00,2026-09-29 18:45,139.64,175.57,280.00
2026-09-29,2026-09-29 17:00:00,2026-09-29 19:00,169.72,155.99,207.69
2026-09-29,2026-09-29 17:15:00,2026-09-29 19:15,184.31,200.00,238.48
2026-09-29,2026-09-29 17:30:00,2026-09-29 19:30,193.74,230.40,245.67
2026-09-29,2026-09-29 17:45:00,2026-09-29 19:45,195.96,232.61,254.96
2026-09-29,2026-09-29 18:00:00,2026-09-29 20:00,207.10,212.82,274.28
2026-09-29,2026-09-29 18:15:00,2026-09-29 20:15,207.61,227.55,280.59
2026-09-29,2026-09-29 18:30:00,2026-09-29 20:30,205.83,213.58,260.91
2026-09-29,2026-09-29 18:45:00,2026-09-29 20:45,208.12,198.14,246.90
2026-09-29,2026-09-29 19:00:00,2026-09-29 21:00,219.63,189.14,252.58
2026-09-29,2026-09-29 19:15:00,2026-09-29 21:15,230.94,187.65,234.44
2026-09-29,2026-09-29 19:30:00,2026-09-29 21:30,221.25,180.22,223.98
2026-09-29,2026-09-29 19:45:00,2026-09-29 21:45,214.45,168.64,209.85
2026-09-29,2026-09-29 20:00:00,2026-09-29 22:00,203.27,185.59,216.93
2026-09-29,2026-09-29 20:15:00,2026-09-29 22:15,202.28,176.00,208.16
2026-09-29,2026-09-29 20:30:00,2026-09-29 22:30,201.34,173.00,201.99
2026-09-29,2026-09-29 20:45:00,2026-09-29 22:45,195.49,157.02,186.32
2026-09-29,2026-09-29 21:00:00,2026-09-29 23:00,184.45,159.99,197.01
2026-09-29,2026-09-29 21:15:00,2026-09-29 23:15,179.65,148.91,187.78
2026-09-29,2026-09-29 21:30:00,2026-09-29 23:30,175.64,141.31,179.24
2026-09-29,2026-09-29 21:45:00,2026-09-29 23:45,165.08,139.40,175.00
2026-09-30,2026-09-29 22:00:00,2026-09-30 00:00,185.73,135.10,228.10
2026-09-30,2026-09-29 22:15:00,2026-09-30 00:15,181.59,132.77,214.38
2026-09-30,2026-09-29 22:30:00,2026-09-30 00:30,176.42,132.77,200.25
2026-09-30,2026-09-29 22:45:00,2026-09-30 00:45,173.65,132.77,196.46
2026-09-30,2026-09-29 23:00:00,2026-09-30 01:00,175.95,132.77,215.99
2026-09-30,2026-09-29 23:15:00,2026-09-30 01:15,173.66,132.35,205.03
2026-09-30,2026-09-29 23:30:00,2026-09-30 01:30,166.38,132.77,197.02
2026-09-30,2026-09-29 23:45:00,2026-09-30 01:45,165.19,132.35,192.00
2026-09-30,2026-09-30 00:00:00,2026-09-30 02:00,171.18,132.77,190.00
2026-09-30,2026-09-30 00:15:00,2026-09-30 02:15,168.68,132.77,187.27
2026-09-30,2026-09-30 00:30:00,2026-09-30 02:30,167.60,132.77,185.59
2026-09-30,2026-09-30 00:45:00,2026-09-30 02:45,166.85,135.10,181.40
2026-09-30,2026-09-30 01:00:00,2026-09-30 03:00,166.07,136.20,184.01
2026-09-30,2026-09-30 01:15:00,2026-09-30 03:15,164.72,136.20,177.58
2026-09-30,2026-09-30 01:30:00,2026-09-30 03:30,156.60,140.01,171.65
2026-09-30,2026-09-30 01:45:00,2026-09-30 03:45,154.37,140.01,166.90
2026-09-30,2026-09-30 02:00:00,2026-09-30 04:00,163.51,132.77,166.20
2026-09-30,2026-09-30 02:15:00,2026-09-30 04:15,161.68,133.75,163.53
2026-09-30,2026-09-30 02:30:00,2026-09-30 04:30,162.09,136.20,161.95
2026-09-30,2026-09-30 02:45:00,2026-09-30 04:45,162.49,144.00,158.41
2026-09-30,2026-09-30 03:00:00,2026-09-30 05:00,175.48,142.94,157.10
2026-09-30,2026-09-30 03:15:00,2026-09-30 05:15,175.54,150.74,160.70
2026-09-30,2026-09-30 03:30:00,2026-09-30 05:30,177.42,157.36,172.94
2026-09-30,2026-09-30 03:45:00,2026-09-30 05:45,180.97,164.73,180.00
2026-09-30,2026-09-30 04:00:00,2026-09-30 06:00,186.22,150.00,172.80
2026-09-30,2026-09-30 04:15:00,2026-09-30 06:15,190.37,164.00,185.00
2026-09-30,2026-09-30 04:30:00,2026-09-30 06:30,191.59,177.53,194.62
2026-09-30,2026-09-30 04:45:00,2026-09-30 06:45,197.09,184.99,210.37
2026-09-30,2026-09-30 05:00:00,2026-09-30 07:00,204.53,192.88,211.75
2026-09-30,2026-09-30 05:15:00,2026-09-30 07:15,210.36,207.00,228.10
2026-09-30,2026-09-30 05:30:00,2026-09-30 07:30,211.24,211.81,228.64
2026-09-30,2026-09-30 05:45:00,2026-09-30 07:45,211.69,207.07,228.10
2026-09-30,2026-09-30 06:00:00,2026-09-30 08:00,222.39,223.94,239.17
2026-09-30,2026-09-30 06:15:00,2026-09-30 08:15,219.82,208.48,231.15
2026-09-30,2026-09-30 06:30:00,2026-09-30 08:30,214.68,201.94,216.12
2026-09-30,2026-09-30 06:45:00,2026-09-30 08:45,200.51,186.90,193.96
2026-09-30,2026-09-30 07:00:00,2026-09-30 09:00,204.87,201.94,215.83
2026-09-30,2026-09-30 07:15:00,2026-09-30 09:15,197.17,184.99,189.43
2026-09-30,2026-09-30 07:30:00,2026-09-30 09:30,183.40,173.54,162.72
2026-09-30,2026-09-30 07:45:00,2026-09-30 09:45,165.07,162.41,123.20
2026-09-30,2026-09-30 08:00:00,2026-09-30 10:00,157.07,185.87,120.98
2026-09-30,2026-09-30 08:15:00,2026-09-30 10:15,143.85,175.50,108.14
2026-09-30,2026-09-30 08:30:00,2026-09-30 10:30,140.49,145.10,81.56
2026-09-30,2026-09-30 08:45:00,2026-09-30 10:45,127.65,132.08,38.66
2026-09-30,2026-09-30 09:00:00,2026-09-30 11:00,172.99,132.35,38.55
2026-09-30,2026-09-30 09:15:00,2026-09-30 11:15,160.24,130.00,11.45
2026-09-30,2026-09-30 09:30:00,2026-09-30 11:30,149.95,124.79,5.88
2026-09-30,2026-09-30 09:45:00,2026-09-30 11:45,135.84,115.15,5.01
2026-09-30,2026-09-30 10:00:00,2026-09-30 12:00,134.12,103.41,5.88
2026-09-30,2026-09-30 10:15:00,2026-09-30 12:15,127.56,108.70,3.43
2026-09-30,2026-09-30 10:30:00,2026-09-30 12:30,119.51,108.70,3.43
2026-09-30,2026-09-30 10:45:00,2026-09-30 12:45,105.37,100.00,2.81
2026-09-30,2026-09-30 11:00:00,2026-09-30 13:00,110.72,89.99,1.96
2026-09-30,2026-09-30 11:15:00,2026-09-30 13:15,92.63,90.70,1.50
2026-09-30,2026-09-30 11:30:00,2026-09-30 13:30,90.93,90.00,1.49
2026-09-30,2026-09-30 11:45:00,2026-09-30 13:45,84.05,85.60,1.15
2026-09-30,2026-09-30 12:00:00,2026-09-30 14:00,76.14,89.40,1.08
2026-09-30,2026-09-30 12:15:00,2026-09-30 14:15,60.46,94.99,1.08
2026-09-30,2026-09-30 12:30:00,2026-09-30 14:30,59.84,100.00,1.08
2026-09-30,2026-09-30 12:45:00,2026-09-30 14:45,58.41,102.00,1.08
2026-09-30,2026-09-30 13:00:00,2026-09-30 15:00,52.84,110.00,1.08
2026-09-30,2026-09-30 13:15:00,2026-09-30 15:15,51.37,110.00,1.08
2026-09-30,2026-09-30 13:30:00,2026-09-30 15:30,50.87,116.70,1.09
2026-09-30,2026-09-30 13:45:00,2026-09-30 15:45,51.56,120.00,1.20
2026-09-30,2026-09-30 14:00:00,2026-09-30 16:00,93.53,120.00,2.00
2026-09-30,2026-09-30 14:15:00,2026-09-30 16:15,102.65,130.00,3.43
2026-09-30,2026-09-30 14:30:00,2026-09-30 16:30,108.40,130.14,5.01
2026-09-30,2026-09-30 14:45:00,2026-09-30 16:45,115.26,132.35,5.88
2026-09-30,2026-09-30 15:00:00,2026-09-30 17:00,153.69,140.01,12.03
2026-09-30,2026-09-30 15:15:00,2026-09-30 17:15,159.38,163.51,38.55
2026-09-30,2026-09-30 15:30:00,2026-09-30 17:30,158.00,175.47,78.40
2026-09-30,2026-09-30 15:45:00,2026-09-30 17:45,170.28,194.54,92.00
2026-09-30,2026-09-30 16:00:00,2026-09-30 18:00,164.06,181.75,77.55
2026-09-30,2026-09-30 16:15:00,2026-09-30 18:15,162.72,201.61,109.81
2026-09-30,2026-09-30 16:30:00,2026-09-30 18:30,180.20,230.60,125.00
2026-09-30,2026-09-30 16:45:00,2026-09-30 18:45,206.83,243.15,175.57
2026-09-30,2026-09-30 17:00:00,2026-09-30 19:00,198.43,205.03,155.99
2026-09-30,2026-09-30 17:15:00,2026-09-30 19:15,215.15,242.21,200.00
2026-09-30,2026-09-30 17:30:00,2026-09-30 19:30,222.88,260.00,230.40
2026-09-30,2026-09-30 17:45:00,2026-09-30 19:45,224.27,261.03,232.61
2026-09-30,2026-09-30 18:00:00,2026-09-30 20:00,223.42,255.00,212.82
2026-09-30,2026-09-30 18:15:00,2026-09-30 20:15,224.94,263.85,227.55
2026-09-30,2026-09-30 18:30:00,2026-09-30 20:30,221.97,270.65,213.58
2026-09-30,2026-09-30 18:45:00,2026-09-30 20:45,217.79,280.01,198.14
2026-09-30,2026-09-30 19:00:00,2026-09-30 21:00,221.82,350.00,189.14
2026-09-30,2026-09-30 19:15:00,2026-09-30 21:15,227.64,350.00,187.65
2026-09-30,2026-09-30 19:30:00,2026-09-30 21:30,230.14,346.03,180.22
2026-09-30,2026-09-30 19:45:00,2026-09-30 21:45,226.12,300.00,168.64
2026-09-30,2026-09-30 20:00:00,2026-09-30 22:00,234.89,243.15,185.59
2026-09-30,2026-09-30 20:15:00,2026-09-30 22:15,232.62,240.57,176.00
2026-09-30,2026-09-30 20:30:00,2026-09-30 22:30,229.07,226.64,173.00
2026-09-30,2026-09-30 20:45:00,2026-09-30 22:45,219.27,211.13,157.02
2026-09-30,2026-09-30 21:00:00,2026-09-30 23:00,215.48,240.47,159.99
2026-09-30,2026-09-30 21:15:00,2026-09-30 23:15,207.54,220.81,148.91
2026-09-30,2026-09-30 21:30:00,2026-09-30 23:30,200.40,207.81,141.31
2026-09-30,2026-09-30 21:45:00,2026-09-30 23:45,197.60,200.00,139.40
2026-10-01,2026-09-30 22:00:00,2026-10-01 00:00,230.25,191.77,135.10
2026-10-01,2026-09-30 22:15:00,2026-10-01 00:15,227.44,191.77,132.77
2026-10-01,2026-09-30 22:30:00,2026-10-01 00:30,220.63,190.00,132.77
2026-10-01,2026-09-30 22:45:00,2026-10-01 00:45,213.25,186.63,132.77
2026-10-01,2026-09-30 23:00:00,2026-10-01 01:00,203.82,200.00,132.77
2026-10-01,2026-09-30 23:15:00,2026-10-01 01:15,200.57,194.00,132.35
2026-10-01,2026-09-30 23:30:00,2026-10-01 01:30,196.56,191.77,132.77
2026-10-01,2026-09-30 23:45:00,2026-10-01 01:45,194.86,190.50,132.35
2026-10-01,2026-10-01 00:00:00,2026-10-01 02:00,202.23,186.63,132.77
2026-10-01,2026-10-01 00:15:00,2026-10-01 02:15,199.23,185.00,132.77
2026-10-01,2026-10-01 00:30:00,2026-10-01 02:30,199.03,182.00,132.77
2026-10-01,2026-10-01 00:45:00,2026-10-01 02:45,197.36,180.00,135.10
2026-10-01,2026-10-01 01:00:00,2026-10-01 03:00,195.54,186.63,136.20
2026-10-01,2026-10-01 01:15:00,2026-10-01 03:15,192.26,185.00,136.20
2026-10-01,2026-10-01 01:30:00,2026-10-01 03:30,192.06,184.14,140.01
2026-10-01,2026-10-01 01:45:00,2026-10-01 03:45,190.22,183.33,140.01
2026-10-01,2026-10-01 02:00:00,2026-10-01 04:00,196.66,180.17,132.77
2026-10-01,2026-10-01 02:15:00,2026-10-01 04:15,196.54,179.67,133.75
2026-10-01,2026-10-01 02:30:00,2026-10-01 04:30,197.14,179.67,136.20
2026-10-01,2026-10-01 02:45:00,2026-10-01 04:45,198.25,178.19,144.00
2026-10-01,2026-10-01 03:00:00,2026-10-01 05:00,196.31,169.50,142.94
2026-10-01,2026-10-01 03:15:00,2026-10-01 05:15,197.01,169.03,150.74
2026-10-01,2026-10-01 03:30:00,2026-10-01 05:30,201.41,172.54,157.36
2026-10-01,2026-10-01 03:45:00,2026-10-01 05:45,203.10,185.10,164.73
2026-10-01,2026-10-01 04:00:00,2026-10-01 06:00,196.54,179.67,150.00
2026-10-01,2026-10-01 04:15:00,2026-10-01 06:15,200.49,195.63,164.00
2026-10-01,2026-10-01 04:30:00,2026-10-01 06:30,203.67,199.05,177.53
2026-10-01,2026-10-01 04:45:00,2026-10-01 06:45,208.47,204.58,184.99
2026-10-01,2026-10-01 05:00:00,2026-10-01 07:00,207.47,201.75,192.88
2026-10-01,2026-10-01 05:15:00,2026-10-01 07:15,210.27,210.00,207.00
2026-10-01,2026-10-01 05:30:00,2026-10-01 07:30,211.62,220.81,211.81
2026-10-01,2026-10-01 05:45:00,2026-10-01 07:45,213.29,225.19,207.07
2026-10-01,2026-10-01 06:00:00,2026-10-01 08:00,222.47,225.00,223.94
2026-10-01,2026-10-01 06:15:00,2026-10-01 08:15,221.03,220.80,208.48
2026-10-01,2026-10-01 06:30:00,2026-10-01 08:30,214.90,207.46,201.94
2026-10-01,2026-10-01 06:45:00,2026-10-01 08:45,205.10,191.77,186.90
2026-10-01,2026-10-01 07:00:00,2026-10-01 09:00,166.03,226.06,201.94
2026-10-01,2026-10-01 07:15:00,2026-10-01 09:15,155.97,200.00,184.99
2026-10-01,2026-10-01 07:30:00,2026-10-01 09:30,148.09,181.75,173.54
2026-10-01,2026-10-01 07:45:00,2026-10-01 09:45,130.30,150.50,162.41
2026-10-01,2026-10-01 08:00:00,2026-10-01 10:00,125.97,169.46,185.87
2026-10-01,2026-10-01 08:15:00,2026-10-01 10:15,117.15,132.35,175.50
2026-10-01,2026-10-01 08:30:00,2026-10-01 10:30,102.02,120.01,145.10
2026-10-01,2026-10-01 08:45:00,2026-10-01 10:45,92.69,82.74,132.08
2026-10-01,2026-10-01 09:00:00,2026-10-01 11:00,139.15,100.00,132.35
2026-10-01,2026-10-01 09:15:00,2026-10-01 11:15,124.77,80.77,130.00
2026-10-01,2026-10-01 09:30:00,2026-10-01 11:30,97.42,62.00,124.79
2026-10-01,2026-10-01 09:45:00,2026-10-01 11:45,66.69,57.50,115.15
2026-10-01,2026-10-01 10:00:00,2026-10-01 12:00,97.75,58.80,103.41
2026-10-01,2026-10-01 10:15:00,2026-10-01 12:15,87.65,50.00,108.70
2026-10-01,2026-10-01 10:30:00,2026-10-01 12:30,80.58,40.02,108.70
2026-10-01,2026-10-01 10:45:00,2026-10-01 12:45,64.36,43.22,100.00
2026-10-01,2026-10-01 11:00:00,2026-10-01 13:00,84.05,43.81,89.99
2026-10-01,2026-10-01 11:15:00,2026-10-01 13:15,77.42,43.81,90.70
2026-10-01,2026-10-01 11:30:00,2026-10-01 13:30,76.06,43.59,90.00
2026-10-01,2026-10-01 11:45:00,2026-10-01 13:45,67.33,39.17,85.60
2026-10-01,2026-10-01 12:00:00,2026-10-01 14:00,60.02,38.95,89.40
2026-10-01,2026-10-01 12:15:00,2026-10-01 14:15,53.28,39.06,94.99
2026-10-01,2026-10-01 12:30:00,2026-10-01 14:30,53.59,39.06,100.00
2026-10-01,2026-10-01 12:45:00,2026-10-01 14:45,52.85,39.17,102.00
2026-10-01,2026-10-01 13:00:00,2026-10-01 15:00,43.02,43.55,110.00
2026-10-01,2026-10-01 13:15:00,2026-10-01 15:15,40.14,43.95,110.00
2026-10-01,2026-10-01 13:30:00,2026-10-01 15:30,40.28,41.61,116.70
2026-10-01,2026-10-01 13:45:00,2026-10-01 15:45,41.55,50.00,120.00
2026-10-01,2026-10-01 14:00:00,2026-10-01 16:00,52.51,46.89,120.00
2026-10-01,2026-10-01 14:15:00,2026-10-01 16:15,60.44,57.50,130.00
2026-10-01,2026-10-01 14:30:00,2026-10-01 16:30,61.68,60.60,130.14
2026-10-01,2026-10-01 14:45:00,2026-10-01 16:45,66.97,77.92,132.35
2026-10-01,2026-10-01 15:00:00,2026-10-01 17:00,59.19,59.90,140.01
2026-10-01,2026-10-01 15:15:00,2026-10-01 17:15,67.48,76.00,163.51
2026-10-01,2026-10-01 15:30:00,2026-10-01 17:30,72.40,95.00,175.47
2026-10-01,2026-10-01 15:45:00,2026-10-01 17:45,78.33,120.00,194.54
2026-10-01,2026-10-01 16:00:00,2026-10-01 18:00,91.24,120.00,181.75
2026-10-01,2026-10-01 16:15:00,2026-10-01 18:15,106.24,130.27,201.61
2026-10-01,2026-10-01 16:30:00,2026-10-01 18:30,124.45,156.00,230.60
2026-10-01,2026-10-01 16:45:00,2026-10-01 18:45,137.18,185.87,243.15
2026-10-01,2026-10-01 17:00:00,2026-10-01 19:00,168.12,172.21,205.03
2026-10-01,2026-10-01 17:15:00,2026-10-01 19:15,195.52,191.77,242.21
2026-10-01,2026-10-01 17:30:00,2026-10-01 19:30,205.59,237.91,260.00
2026-10-01,2026-10-01 17:45:00,2026-10-01 19:45,210.80,250.06,261.03
2026-10-01,2026-10-01 18:00:00,2026-10-01 20:00,205.31,238.61,255.00
2026-10-01,2026-10-01 18:15:00,2026-10-01 20:15,206.90,258.32,263.85
2026-10-01,2026-10-01 18:30:00,2026-10-01 20:30,211.16,242.02,270.65
2026-10-01,2026-10-01 18:45:00,2026-10-01 20:45,212.33,230.01,280.01
2026-10-01,2026-10-01 19:00:00,2026-10-01 21:00,213.10,232.74,350.00
2026-10-01,2026-10-01 19:15:00,2026-10-01 21:15,229.96,227.60,350.00
2026-10-01,2026-10-01 19:30:00,2026-10-01 21:30,232.11,221.01,346.03
2026-10-01,2026-10-01 19:45:00,2026-10-01 21:45,219.48,204.42,300.00
2026-10-01,2026-10-01 20:00:00,2026-10-01 22:00,214.20,218.27,243.15
2026-10-01,2026-10-01 20:15:00,2026-10-01 22:15,210.23,207.50,240.57
2026-10-01,2026-10-01 20:30:00,2026-10-01 22:30,198.09,196.70,226.64
2026-10-01,2026-10-01 20:45:00,2026-10-01 22:45,188.24,186.95,211.13
2026-10-01,2026-10-01 21:00:00,2026-10-01 23:00,184.18,188.07,240.47
2026-10-01,2026-10-01 21:15:00,2026-10-01 23:15,173.40,185.87,220.81
2026-10-01,2026-10-01 21:30:00,2026-10-01 23:30,167.73,179.84,207.81
2026-10-01,2026-10-01 21:45:00,2026-10-01 23:45,162.77,171.38,200.00
2026-10-02,2026-10-01 22:00:00,2026-10-02 00:00,182.92,185.11,191.77
2026-10-02,2026-10-01 22:15:00,2026-10-02 00:15,180.84,180.76,191.77
2026-10-02,2026-10-01 22:30:00,2026-10-02 00:30,177.15,171.32,190.00
2026-10-02,2026-10-01 22:45:00,2026-10-02 00:45,174.49,168.45,186.63
2026-10-02,2026-10-01 23:00:00,2026-10-02 01:00,174.45,169.00,200.00
2026-10-02,2026-10-01 23:15:00,2026-10-02 01:15,171.69,166.71,194.00
2026-10-02,2026-10-01 23:30:00,2026-10-02 01:30,168.14,164.72,191.77
2026-10-02,2026-10-01 23:45:00,2026-10-02 01:45,167.25,161.45,190.50
2026-10-02,2026-10-02 00:00:00,2026-10-02 02:00,176.17,162.95,186.63
2026-10-02,2026-10-02 00:15:00,2026-10-02 02:15,172.98,161.00,185.00
2026-10-02,2026-10-02 00:30:00,2026-10-02 02:30,171.56,161.43,182.00
2026-10-02,2026-10-02 00:45:00,2026-10-02 02:45,171.42,161.47,180.00
2026-10-02,2026-10-02 01:00:00,2026-10-02 03:00,170.44,160.29,186.63
2026-10-02,2026-10-02 01:15:00,2026-10-02 03:15,167.60,159.51,185.00
2026-10-02,2026-10-02 01:30:00,2026-10-02 03:30,167.40,161.62,184.14
2026-10-02,2026-10-02 01:45:00,2026-10-02 03:45,166.23,161.20,183.33
2026-10-02,2026-10-02 02:00:00,2026-10-02 04:00,167.61,162.92,180.17
2026-10-02,2026-10-02 02:15:00,2026-10-02 04:15,167.17,163.12,179.67
2026-10-02,2026-10-02 02:30:00,2026-10-02 04:30,166.95,162.05,179.67
2026-10-02,2026-10-02 02:45:00,2026-10-02 04:45,166.45,166.60,178.19
2026-10-02,2026-10-02 03:00:00,2026-10-02 05:00,182.21,163.55,169.50
2026-10-02,2026-10-02 03:15:00,2026-10-02 05:15,182.46,170.49,169.03
2026-10-02,2026-10-02 03:30:00,2026-10-02 05:30,184.20,184.84,172.54
2026-10-02,2026-10-02 03:45:00,2026-10-02 05:45,187.31,192.61,185.10
2026-10-02,2026-10-02 04:00:00,2026-10-02 06:00,186.26,195.55,179.67
2026-10-02,2026-10-02 04:15:00,2026-10-02 06:15,190.12,210.86,195.63
2026-10-02,2026-10-02 04:30:00,2026-10-02 06:30,193.70,220.01,199.05
2026-10-02,2026-10-02 04:45:00,2026-10-02 06:45,200.47,233.45,204.58
2026-10-02,2026-10-02 05:00:00,2026-10-02 07:00,203.94,207.99,201.75
2026-10-02,2026-10-02 05:15:00,2026-10-02 07:15,210.81,225.99,210.00
2026-10-02,2026-10-02 05:30:00,2026-10-02 07:30,214.31,250.00,220.81
2026-10-02,2026-10-02 05:45:00,2026-10-02 07:45,215.37,262.64,225.19
2026-10-02,2026-10-02 06:00:00,2026-10-02 08:00,218.49,269.79,225.00
2026-10-02,2026-10-02 06:15:00,2026-10-02 08:15,219.55,269.79,220.80
2026-10-02,2026-10-02 06:30:00,2026-10-02 08:30,212.31,255.80,207.46
2026-10-02,2026-10-02 06:45:00,2026-10-02 08:45,196.10,232.90,191.77
2026-10-02,2026-10-02 07:00:00,2026-10-02 09:00,198.36,240.32,226.06
2026-10-02,2026-10-02 07:15:00,2026-10-02 09:15,190.56,200.00,200.00
2026-10-02,2026-10-02 07:30:00,2026-10-02 09:30,184.11,185.26,181.75
2026-10-02,2026-10-02 07:45:00,2026-10-02 09:45,165.11,173.08,150.50
2026-10-02,2026-10-02 08:00:00,2026-10-02 10:00,150.46,185.47,169.46
2026-10-02,2026-10-02 08:15:00,2026-10-02 10:15,128.25,160.51,132.35
2026-10-02,2026-10-02 08:30:00,2026-10-02 10:30,120.50,140.00,120.01
2026-10-02,2026-10-02 08:45:00,2026-10-02 10:45,100.50,129.43,82.74
2026-10-02,2026-10-02 09:00:00,2026-10-02 11:00,168.07,130.38,100.00
2026-10-02,2026-10-02 09:15:00,2026-10-02 11:15,146.20,120.20,80.77
2026-10-02,2026-10-02 09:30:00,2026-10-02 11:30,139.12,120.00,62.00
2026-10-02,2026-10-02 09:45:00,2026-10-02 11:45,106.76,119.68,57.50
2026-10-02,2026-10-02 10:00:00,2026-10-02 12:00,140.46,119.81,58.80
2026-10-02,2026-10-02 10:15:00,2026-10-02 12:15,140.22,119.55,50.00
2026-10-02,2026-10-02 10:30:00,2026-10-02 12:30,132.47,118.50,40.02
2026-10-02,2026-10-02 10:45:00,2026-10-02 12:45,118.19,119.55,43.22
2026-10-02,2026-10-02 11:00:00,2026-10-02 13:00,134.16,119.55,43.81
2026-10-02,2026-10-02 11:15:00,2026-10-02 13:15,128.61,118.10,43.81
2026-10-02,2026-10-02 11:30:00,2026-10-02 13:30,125.56,115.02,43.59
2026-10-02,2026-10-02 11:45:00,2026-10-02 13:45,119.08,115.00,39.17
2026-10-02,2026-10-02 12:00:00,2026-10-02 14:00,117.89,112.50,38.95
2026-10-02,2026-10-02 12:15:00,2026-10-02 14:15,109.68,115.00,39.06
2026-10-02,2026-10-02 12:30:00,2026-10-02 14:30,106.87,115.02,39.06
2026-10-02,2026-10-02 12:45:00,2026-10-02 14:45,107.02,115.00,39.17
2026-10-02,2026-10-02 13:00:00,2026-10-02 15:00,81.43,118.10,43.55
2026-10-02,2026-10-02 13:15:00,2026-10-02 15:15,80.20,119.55,43.95
2026-10-02,2026-10-02 13:30:00,2026-10-02 15:30,82.80,119.68,41.61
2026-10-02,2026-10-02 13:45:00,2026-10-02 15:45,78.45,119.94,50.00
2026-10-02,2026-10-02 14:00:00,2026-10-02 16:00,109.69,120.00,46.89
2026-10-02,2026-10-02 14:15:00,2026-10-02 16:15,109.57,120.20,57.50
2026-10-02,2026-10-02 14:30:00,2026-10-02 16:30,114.90,123.99,60.60
2026-10-02,2026-10-02 14:45:00,2026-10-02 16:45,107.16,130.83,77.92
2026-10-02,2026-10-02 15:00:00,2026-10-02 17:00,135.01,130.38,59.90
2026-10-02,2026-10-02 15:15:00,2026-10-02 17:15,133.39,133.23,76.00
2026-10-02,2026-10-02 15:30:00,2026-10-02 17:30,140.19,150.00,95.00
2026-10-02,2026-10-02 15:45:00,2026-10-02 17:45,143.22,166.04,120.00
2026-10-02,2026-10-02 16:00:00,2026-10-02 18:00,156.31,160.91,120.00
2026-10-02,2026-10-02 16:15:00,2026-10-02 18:15,161.71,192.61,130.27
2026-10-02,2026-10-02 16:30:00,2026-10-02 18:30,187.48,205.00,156.00
2026-10-02,2026-10-02 16:45:00,2026-10-02 18:45,203.37,246.20,185.87
2026-10-02,2026-10-02 17:00:00,2026-10-02 19:00,185.19,195.00,172.21
2026-10-02,2026-10-02 17:15:00,2026-10-02 19:15,195.32,223.47,191.77
2026-10-02,2026-10-02 17:30:00,2026-10-02 19:30,203.62,269.79,237.91
2026-10-02,2026-10-02 17:45:00,2026-10-02 19:45,209.57,270.62,250.06
2026-10-02,2026-10-02 18:00:00,2026-10-02 20:00,212.63,279.83,238.61
2026-10-02,2026-10-02 18:15:00,2026-10-02 20:15,217.12,279.83,258.32
2026-10-02,2026-10-02 18:30:00,2026-10-02 20:30,213.73,261.82,242.02
2026-10-02,2026-10-02 18:45:00,2026-10-02 20:45,209.35,248.08,230.01
2026-10-02,2026-10-02 19:00:00,2026-10-02 21:00,216.21,244.78,232.74
2026-10-02,2026-10-02 19:15:00,2026-10-02 21:15,215.75,238.14,227.60
2026-10-02,2026-10-02 19:30:00,2026-10-02 21:30,213.59,224.99,221.01
2026-10-02,2026-10-02 19:45:00,2026-10-02 21:45,207.80,211.92,204.42
2026-10-02,2026-10-02 20:00:00,2026-10-02 22:00,213.28,210.53,218.27
2026-10-02,2026-10-02 20:15:00,2026-10-02 22:15,208.17,207.00,207.50
2026-10-02,2026-10-02 20:30:00,2026-10-02 22:30,205.41,200.00,196.70
2026-10-02,2026-10-02 20:45:00,2026-10-02 22:45,200.05,194.89,186.95
2026-10-02,2026-10-02 21:00:00,2026-10-02 23:00,194.03,201.62,188.07
2026-10-02,2026-10-02 21:15:00,2026-10-02 23:15,190.05,197.52,185.87
2026-10-02,2026-10-02 21:30:00,2026-10-02 23:30,187.16,194.55,179.84
2026-10-02,2026-10-02 21:45:00,2026-10-02 23:45,180.82,185.10,171.38
2026-10-06,2026-10-05 22:00:00,2026-10-06 00:00,225.35,208.31,210.00
2026-10-06,2026-10-05 22:15:00,2026-10-06 00:15,216.73,207.31,208.98
2026-10-06,2026-10-05 22:30:00,2026-10-06 00:30,216.11,205.01,207.40
2026-10-06,2026-10-05 22:45:00,2026-10-06 00:45,207.33,203.00,204.40
2026-10-06,2026-10-05 23:00:00,2026-10-06 01:00,221.22,200.50,207.40
2026-10-06,2026-10-05 23:15:00,2026-10-06 01:15,215.15,200.31,205.00
2026-10-06,2026-10-05 23:30:00,2026-10-06 01:30,206.98,200.31,201.46
2026-10-06,2026-10-05 23:45:00,2026-10-06 01:45,207.59,199.02,199.97
2026-10-06,2026-10-06 00:00:00,2026-10-06 02:00,205.27,197.88,199.48
2026-10-06,2026-10-06 00:15:00,2026-10-06 02:15,203.86,195.57,196.00
2026-10-06,2026-10-06 00:30:00,2026-10-06 02:30,206.10,195.57,193.00
2026-10-06,2026-10-06 00:45:00,2026-10-06 02:45,202.07,192.62,192.70
2026-10-06,2026-10-06 01:00:00,2026-10-06 03:00,205.25,192.59,193.00
2026-10-06,2026-10-06 01:15:00,2026-10-06 03:15,204.98,190.48,192.66
2026-10-06,2026-10-06 01:30:00,2026-10-06 03:30,203.60,190.00,192.66
2026-10-06,2026-10-06 01:45:00,2026-10-06 03:45,203.45,190.00,192.66
2026-10-06,2026-10-06 02:00:00,2026-10-06 04:00,200.03,189.80,192.66
2026-10-06,2026-10-06 02:15:00,2026-10-06 04:15,202.22,189.80,192.66
2026-10-06,2026-10-06 02:30:00,2026-10-06 04:30,200.01,189.00,192.66
2026-10-06,2026-10-06 02:45:00,2026-10-06 04:45,200.34,189.80,192.66
2026-10-06,2026-10-06 03:00:00,2026-10-06 05:00,198.45,186.80,192.66
2026-10-06,2026-10-06 03:15:00,2026-10-06 05:15,208.57,186.80,192.66
2026-10-06,2026-10-06 03:30:00,2026-10-06 05:30,202.48,190.00,194.80
2026-10-06,2026-10-06 03:45:00,2026-10-06 05:45,206.76,195.57,200.46
2026-10-06,2026-10-06 04:00:00,2026-10-06 06:00,213.87,195.57,203.41
2026-10-06,2026-10-06 04:15:00,2026-10-06 06:15,213.12,205.99,202.47
2026-10-06,2026-10-06 04:30:00,2026-10-06 06:30,217.17,210.00,212.14
2026-10-06,2026-10-06 04:45:00,2026-10-06 06:45,223.39,221.86,215.70
2026-10-06,2026-10-06 05:00:00,2026-10-06 07:00,218.28,226.20,217.70
2026-10-06,2026-10-06 05:15:00,2026-10-06 07:15,224.17,230.00,226.19
2026-10-06,2026-10-06 05:30:00,2026-10-06 07:30,225.34,243.11,234.29
2026-10-06,2026-10-06 05:45:00,2026-10-06 07:45,247.90,247.02,241.71
2026-10-06,2026-10-06 06:00:00,2026-10-06 08:00,257.95,251.79,265.01
2026-10-06,2026-10-06 06:15:00,2026-10-06 08:15,249.25,250.44,241.79
2026-10-06,2026-10-06 06:30:00,2026-10-06 08:30,243.66,244.68,235.72
2026-10-06,2026-10-06 06:45:00,2026-10-06 08:45,221.31,233.45,217.70
2026-10-06,2026-10-06 07:00:00,2026-10-06 09:00,225.71,243.11,235.16
2026-10-06,2026-10-06 07:15:00,2026-10-06 09:15,208.63,243.11,214.42
2026-10-06,2026-10-06 07:30:00,2026-10-06 09:30,202.91,243.11,210.86
2026-10-06,2026-10-06 07:45:00,2026-10-06 09:45,204.50,243.11,200.00
2026-10-06,2026-10-06 08:00:00,2026-10-06 10:00,220.92,202.57,210.56
2026-10-06,2026-10-06 08:15:00,2026-10-06 10:15,193.17,205.00,200.00
2026-10-06,2026-10-06 08:30:00,2026-10-06 10:30,206.81,203.93,190.00
2026-10-06,2026-10-06 08:45:00,2026-10-06 10:45,190.76,197.00,165.34
2026-10-06,2026-10-06 09:00:00,2026-10-06 11:00,175.53,200.00,156.94
2026-10-06,2026-10-06 09:15:00,2026-10-06 11:15,193.52,192.62,155.00
2026-10-06,2026-10-06 09:30:00,2026-10-06 11:30,183.47,185.00,145.00
2026-10-06,2026-10-06 09:45:00,2026-10-06 11:45,172.15,171.99,140.30
2026-10-06,2026-10-06 10:00:00,2026-10-06 12:00,176.01,170.08,140.00
2026-10-06,2026-10-06 10:15:00,2026-10-06 12:15,148.36,170.08,137.00
2026-10-06,2026-10-06 10:30:00,2026-10-06 12:30,154.67,170.08,134.18
2026-10-06,2026-10-06 10:45:00,2026-10-06 12:45,150.93,169.83,130.19
2026-10-06,2026-10-06 11:00:00,2026-10-06 13:00,167.31,169.83,137.00
2026-10-06,2026-10-06 11:15:00,2026-10-06 13:15,143.89,168.45,136.21
2026-10-06,2026-10-06 11:30:00,2026-10-06 13:30,152.93,160.02,135.20
2026-10-06,2026-10-06 11:45:00,2026-10-06 13:45,151.57,155.00,132.15
2026-10-06,2026-10-06 12:00:00,2026-10-06 14:00,155.74,151.00,130.00
2026-10-06,2026-10-06 12:15:00,2026-10-06 14:15,151.38,150.80,130.61
2026-10-06,2026-10-06 12:30:00,2026-10-06 14:30,154.93,150.61,130.80
2026-10-06,2026-10-06 12:45:00,2026-10-06 14:45,141.42,153.89,130.80
2026-10-06,2026-10-06 13:00:00,2026-10-06 15:00,145.93,151.00,137.00
2026-10-06,2026-10-06 13:15:00,2026-10-06 15:15,161.91,167.35,140.00
2026-10-06,2026-10-06 13:30:00,2026-10-06 15:30,152.24,169.83,140.00
2026-10-06,2026-10-06 13:45:00,2026-10-06 15:45,165.90,169.83,142.20
2026-10-06,2026-10-06 14:00:00,2026-10-06 16:00,160.07,167.35,143.15
2026-10-06,2026-10-06 14:15:00,2026-10-06 16:15,163.09,168.45,150.00
2026-10-06,2026-10-06 14:30:00,2026-10-06 16:30,169.04,169.83,156.81
2026-10-06,2026-10-06 14:45:00,2026-10-06 16:45,180.21,175.20,175.28
2026-10-06,2026-10-06 15:00:00,2026-10-06 17:00,178.23,169.83,159.21
2026-10-06,2026-10-06 15:15:00,2026-10-06 17:15,184.91,183.00,187.92
2026-10-06,2026-10-06 15:30:00,2026-10-06 17:30,197.65,187.22,205.01
2026-10-06,2026-10-06 15:45:00,2026-10-06 17:45,194.72,190.00,212.70
2026-10-06,2026-10-06 16:00:00,2026-10-06 18:00,200.82,190.00,206.00
2026-10-06,2026-10-06 16:15:00,2026-10-06 18:15,198.38,197.00,210.40
2026-10-06,2026-10-06 16:30:00,2026-10-06 18:30,222.90,206.31,215.93
2026-10-06,2026-10-06 16:45:00,2026-10-06 18:45,253.58,226.40,243.90
2026-10-06,2026-10-06 17:00:00,2026-10-06 19:00,216.12,233.45,240.00
2026-10-06,2026-10-06 17:15:00,2026-10-06 19:15,255.46,240.00,258.78
2026-10-06,2026-10-06 17:30:00,2026-10-06 19:30,266.16,260.00,271.93
2026-10-06,2026-10-06 17:45:00,2026-10-06 19:45,264.86,251.90,261.90
2026-10-06,2026-10-06 18:00:00,2026-10-06 20:00,231.53,260.00,262.64
2026-10-06,2026-10-06 18:15:00,2026-10-06 20:15,233.27,281.31,269.79
2026-10-06,2026-10-06 18:30:00,2026-10-06 20:30,231.74,300.00,271.32
2026-10-06,2026-10-06 18:45:00,2026-10-06 20:45,227.52,300.00,269.79
2026-10-06,2026-10-06 19:00:00,2026-10-06 21:00,240.47,300.00,262.64
2026-10-06,2026-10-06 19:15:00,2026-10-06 21:15,259.44,300.00,262.64
2026-10-06,2026-10-06 19:30:00,2026-10-06 21:30,257.42,270.65,262.64
2026-10-06,2026-10-06 19:45:00,2026-10-06 21:45,248.60,260.84,262.64
2026-10-06,2026-10-06 20:00:00,2026-10-06 22:00,246.73,233.35,234.68
2026-10-06,2026-10-06 20:15:00,2026-10-06 22:15,235.99,230.00,218.70
2026-10-06,2026-10-06 20:30:00,2026-10-06 22:30,228.71,229.56,215.90
2026-10-06,2026-10-06 20:45:00,2026-10-06 22:45,227.90,227.98,214.02
2026-10-06,2026-10-06 21:00:00,2026-10-06 23:00,219.40,226.20,214.96
2026-10-06,2026-10-06 21:15:00,2026-10-06 23:15,226.44,215.00,213.08
2026-10-06,2026-10-06 21:30:00,2026-10-06 23:30,223.34,209.31,211.20
2026-10-06,2026-10-06 21:45:00,2026-10-06 23:45,219.91,206.31,210.40
2026-10-07,2026-10-06 22:00:00,2026-10-07 00:00,219.27,233.45,208.31
2026-10-07,2026-10-06 22:15:00,2026-10-07 00:15,217.38,227.31,207.31
2026-10-07,2026-10-06 22:30:00,2026-10-07 00:30,216.73,222.00,205.01
2026-10-07,2026-10-06 22:45:00,2026-10-07 00:45,214.24,213.01,203.00
2026-10-07,2026-10-06 23:00:00,2026-10-07 01:00,215.30,212.01,200.50
2026-10-07,2026-10-06 23:15:00,2026-10-07 01:15,211.46,210.86,200.31
2026-10-07,2026-10-06 23:30:00,2026-10-07 01:30,208.79,210.01,200.31
2026-10-07,2026-10-06 23:45:00,2026-10-07 01:45,207.84,206.52,199.02
2026-10-07,2026-10-07 00:00:00,2026-10-07 02:00,206.45,204.01,197.88
2026-10-07,2026-10-07 00:15:00,2026-10-07 02:15,205.87,204.20,195.57
2026-10-07,2026-10-07 00:30:00,2026-10-07 02:30,205.76,203.80,195.57
2026-10-07,2026-10-07 00:45:00,2026-10-07 02:45,204.98,200.85,192.62
2026-10-07,2026-10-07 01:00:00,2026-10-07 03:00,203.34,200.00,192.59
2026-10-07,2026-10-07 01:15:00,2026-10-07 03:15,202.95,199.02,190.48
2026-10-07,2026-10-07 01:30:00,2026-10-07 03:30,203.06,199.00,190.00
2026-10-07,2026-10-07 01:45:00,2026-10-07 03:45,202.59,197.55,190.00
2026-10-07,2026-10-07 02:00:00,2026-10-07 04:00,201.42,196.16,189.80
2026-10-07,2026-10-07 02:15:00,2026-10-07 04:15,201.12,195.00,189.80
2026-10-07,2026-10-07 02:30:00,2026-10-07 04:30,201.22,193.70,189.00
2026-10-07,2026-10-07 02:45:00,2026-10-07 04:45,203.48,192.30,189.80
2026-10-07,2026-10-07 03:00:00,2026-10-07 05:00,205.35,191.91,186.80
2026-10-07,2026-10-07 03:15:00,2026-10-07 05:15,205.65,191.91,186.80
2026-10-07,2026-10-07 03:30:00,2026-10-07 05:30,206.90,191.91,190.00
2026-10-07,2026-10-07 03:45:00,2026-10-07 05:45,209.42,198.60,195.57
2026-10-07,2026-10-07 04:00:00,2026-10-07 06:00,212.33,191.95,195.57
2026-10-07,2026-10-07 04:15:00,2026-10-07 06:15,216.58,195.52,205.99
2026-10-07,2026-10-07 04:30:00,2026-10-07 06:30,220.34,205.00,210.00
2026-10-07,2026-10-07 04:45:00,2026-10-07 06:45,223.80,210.86,221.86
2026-10-07,2026-10-07 05:00:00,2026-10-07 07:00,223.06,230.00,226.20
2026-10-07,2026-10-07 05:15:00,2026-10-07 07:15,229.50,237.74,230.00
2026-10-07,2026-10-07 05:30:00,2026-10-07 07:30,235.75,241.20,243.11
2026-10-07,2026-10-07 05:45:00,2026-10-07 07:45,238.34,242.36,247.02
2026-10-07,2026-10-07 06:00:00,2026-10-07 08:00,244.20,245.40,251.79
2026-10-07,2026-10-07 06:15:00,2026-10-07 08:15,243.81,245.90,250.44
2026-10-07,2026-10-07 06:30:00,2026-10-07 08:30,240.44,244.02,244.68
2026-10-07,2026-10-07 06:45:00,2026-10-07 08:45,226.14,224.97,233.45
2026-10-07,2026-10-07 07:00:00,2026-10-07 09:00,236.73,245.01,243.11
2026-10-07,2026-10-07 07:15:00,2026-10-07 09:15,227.52,235.40,243.11
2026-10-07,2026-10-07 07:30:00,2026-10-07 09:30,225.59,217.78,243.11
2026-10-07,2026-10-07 07:45:00,2026-10-07 09:45,220.52,197.47,243.11
2026-10-07,2026-10-07 08:00:00,2026-10-07 10:00,173.57,212.01,202.57
2026-10-07,2026-10-07 08:15:00,2026-10-07 10:15,166.00,194.66,205.00
2026-10-07,2026-10-07 08:30:00,2026-10-07 10:30,156.95,183.40,203.93
2026-10-07,2026-10-07 08:45:00,2026-10-07 10:45,147.87,175.20,197.00
2026-10-07,2026-10-07 09:00:00,2026-10-07 11:00,188.37,175.20,200.00
2026-10-07,2026-10-07 09:15:00,2026-10-07 11:15,181.51,157.59,192.62
2026-10-07,2026-10-07 09:30:00,2026-10-07 11:30,162.15,149.30,185.00
2026-10-07,2026-10-07 09:45:00,2026-10-07 11:45,132.72,146.83,171.99
2026-10-07,2026-10-07 10:00:00,2026-10-07 12:00,156.75,138.20,170.08
2026-10-07,2026-10-07 10:15:00,2026-10-07 12:15,145.23,137.94,170.08
2026-10-07,2026-10-07 10:30:00,2026-10-07 12:30,130.31,137.68,170.08
2026-10-07,2026-10-07 10:45:00,2026-10-07 12:45,119.29,137.55,169.83
2026-10-07,2026-10-07 11:00:00,2026-10-07 13:00,125.50,137.42,169.83
2026-10-07,2026-10-07 11:15:00,2026-10-07 13:15,117.44,135.00,168.45
2026-10-07,2026-10-07 11:30:00,2026-10-07 13:30,110.25,133.66,160.02
2026-10-07,2026-10-07 11:45:00,2026-10-07 13:45,101.78,130.00,155.00
2026-10-07,2026-10-07 12:00:00,2026-10-07 14:00,91.48,117.13,151.00
2026-10-07,2026-10-07 12:15:00,2026-10-07 14:15,89.79,110.00,150.80
2026-10-07,2026-10-07 12:30:00,2026-10-07 14:30,90.61,105.24,150.61
2026-10-07,2026-10-07 12:45:00,2026-10-07 14:45,91.18,105.24,153.89
2026-10-07,2026-10-07 13:00:00,2026-10-07 15:00,77.91,89.90,151.00
2026-10-07,2026-10-07 13:15:00,2026-10-07 15:15,81.70,85.14,167.35
2026-10-07,2026-10-07 13:30:00,2026-10-07 15:30,83.13,85.14,169.83
2026-10-07,2026-10-07 13:45:00,2026-10-07 15:45,84.81,85.14,169.83
2026-10-07,2026-10-07 14:00:00,2026-10-07 16:00,91.93,80.80,167.35
2026-10-07,2026-10-07 14:15:00,2026-10-07 16:15,98.87,80.80,168.45
2026-10-07,2026-10-07 14:30:00,2026-10-07 16:30,100.63,94.82,169.83
2026-10-07,2026-10-07 14:45:00,2026-10-07 16:45,106.11,105.24,175.20
2026-10-07,2026-10-07 15:00:00,2026-10-07 17:00,117.63,130.00,169.83
2026-10-07,2026-10-07 15:15:00,2026-10-07 17:15,128.79,135.56,183.00
2026-10-07,2026-10-07 15:30:00,2026-10-07 17:30,135.82,138.07,187.22
2026-10-07,2026-10-07 15:45:00,2026-10-07 17:45,151.50,147.08,190.00
2026-10-07,2026-10-07 16:00:00,2026-10-07 18:00,178.42,138.41,190.00
2026-10-07,2026-10-07 16:15:00,2026-10-07 18:15,187.01,175.45,197.00
2026-10-07,2026-10-07 16:30:00,2026-10-07 18:30,195.67,198.56,206.31
2026-10-07,2026-10-07 16:45:00,2026-10-07 18:45,205.30,210.00,226.40
2026-10-07,2026-10-07 17:00:00,2026-10-07 19:00,202.78,210.00,233.45
2026-10-07,2026-10-07 17:15:00,2026-10-07 19:15,217.56,231.07,240.00
2026-10-07,2026-10-07 17:30:00,2026-10-07 19:30,231.56,237.12,260.00
2026-10-07,2026-10-07 17:45:00,2026-10-07 19:45,231.11,230.00,251.90
2026-10-07,2026-10-07 18:00:00,2026-10-07 20:00,235.19,226.69,260.00
2026-10-07,2026-10-07 18:15:00,2026-10-07 20:15,238.65,216.50,281.31
2026-10-07,2026-10-07 18:30:00,2026-10-07 20:30,242.52,212.01,300.00
2026-10-07,2026-10-07 18:45:00,2026-10-07 20:45,256.75,210.86,300.00
2026-10-07,2026-10-07 19:00:00,2026-10-07 21:00,240.86,210.00,300.00
2026-10-07,2026-10-07 19:15:00,2026-10-07 21:15,256.40,205.01,300.00
2026-10-07,2026-10-07 19:30:00,2026-10-07 21:30,255.13,204.02,270.65
2026-10-07,2026-10-07 19:45:00,2026-10-07 21:45,241.38,201.20,260.84
2026-10-07,2026-10-07 20:00:00,2026-10-07 22:00,225.92,204.02,233.35
2026-10-07,2026-10-07 20:15:00,2026-10-07 22:15,228.71,201.20,230.00
2026-10-07,2026-10-07 20:30:00,2026-10-07 22:30,225.96,198.56,229.56
2026-10-07,2026-10-07 20:45:00,2026-10-07 22:45,221.07,196.85,227.98
2026-10-07,2026-10-07 21:00:00,2026-10-07 23:00,207.48,195.40,226.20
2026-10-07,2026-10-07 21:15:00,2026-10-07 23:15,201.57,188.35,215.00
2026-10-07,2026-10-07 21:30:00,2026-10-07 23:30,198.30,169.39,209.31
2026-10-07,2026-10-07 21:45:00,2026-10-07 23:45,188.94,157.59,206.31
2026-10-08,2026-10-07 22:00:00,2026-10-08 00:00,193.79,204.50,233.45
2026-10-08,2026-10-07 22:15:00,2026-10-08 00:15,190.52,200.80,227.31
2026-10-08,2026-10-07 22:30:00,2026-10-08 00:30,187.75,193.00,222.00
2026-10-08,2026-10-07 22:45:00,2026-10-08 00:45,180.20,190.00,213.01
2026-10-08,2026-10-07 23:00:00,2026-10-08 01:00,172.49,190.45,212.01
2026-10-08,2026-10-07 23:15:00,2026-10-08 01:15,171.14,184.56,210.86
2026-10-08,2026-10-07 23:30:00,2026-10-08 01:30,164.70,175.00,210.01
2026-10-08,2026-10-07 23:45:00,2026-10-08 01:45,161.68,168.52,206.52
2026-10-08,2026-10-08 00:00:00,2026-10-08 02:00,136.24,164.00,204.01
2026-10-08,2026-10-08 00:15:00,2026-10-08 02:15,135.77,156.91,204.20
2026-10-08,2026-10-08 00:30:00,2026-10-08 02:30,135.19,155.01,203.80
2026-10-08,2026-10-08 00:45:00,2026-10-08 02:45,134.33,153.11,200.85
2026-10-08,2026-10-08 01:00:00,2026-10-08 03:00,147.02,144.00,200.00
2026-10-08,2026-10-08 01:15:00,2026-10-08 03:15,146.11,136.31,199.02
2026-10-08,2026-10-08 01:30:00,2026-10-08 03:30,145.78,135.00,199.00
2026-10-08,2026-10-08 01:45:00,2026-10-08 03:45,145.51,130.20,197.55
2026-10-08,2026-10-08 02:00:00,2026-10-08 04:00,142.08,129.94,196.16
2026-10-08,2026-10-08 02:15:00,2026-10-08 04:15,141.35,129.68,195.00
2026-10-08,2026-10-08 02:30:00,2026-10-08 04:30,139.06,129.68,193.70
2026-10-08,2026-10-08 02:45:00,2026-10-08 04:45,139.22,129.68,192.30
2026-10-08,2026-10-08 03:00:00,2026-10-08 05:00,135.29,129.10,191.91
2026-10-08,2026-10-08 03:15:00,2026-10-08 05:15,135.34,129.42,191.91
2026-10-08,2026-10-08 03:30:00,2026-10-08 05:30,135.70,129.55,191.91
2026-10-08,2026-10-08 03:45:00,2026-10-08 05:45,136.85,129.68,198.60
2026-10-08,2026-10-08 04:00:00,2026-10-08 06:00,169.85,129.68,191.95
2026-10-08,2026-10-08 04:15:00,2026-10-08 06:15,172.18,129.94,195.52
2026-10-08,2026-10-08 04:30:00,2026-10-08 06:30,175.38,130.07,205.00
2026-10-08,2026-10-08 04:45:00,2026-10-08 06:45,181.44,146.98,210.86
2026-10-08,2026-10-08 05:00:00,2026-10-08 07:00,194.42,149.00,230.00
2026-10-08,2026-10-08 05:15:00,2026-10-08 07:15,204.95,164.45,237.74
2026-10-08,2026-10-08 05:30:00,2026-10-08 07:30,207.69,176.93,241.20
2026-10-08,2026-10-08 05:45:00,2026-10-08 07:45,208.33,184.63,242.36
2026-10-08,2026-10-08 06:00:00,2026-10-08 08:00,177.89,204.40,245.40
2026-10-08,2026-10-08 06:15:00,2026-10-08 08:15,181.25,203.00,245.90
2026-10-08,2026-10-08 06:30:00,2026-10-08 08:30,182.90,194.95,244.02
2026-10-08,2026-10-08 06:45:00,2026-10-08 08:45,172.55,179.72,224.97
2026-10-08,2026-10-08 07:00:00,2026-10-08 09:00,134.39,192.89,245.01
2026-10-08,2026-10-08 07:15:00,2026-10-08 09:15,126.41,137.70,235.40
2026-10-08,2026-10-08 07:30:00,2026-10-08 09:30,120.43,120.57,217.78
2026-10-08,2026-10-08 07:45:00,2026-10-08 09:45,105.88,70.01,197.47
2026-10-08,2026-10-08 08:00:00,2026-10-08 10:00,95.94,57.69,212.01
2026-10-08,2026-10-08 08:15:00,2026-10-08 10:15,85.72,5.83,194.66
2026-10-08,2026-10-08 08:30:00,2026-10-08 10:30,76.58,1.09,183.40
2026-10-08,2026-10-08 08:45:00,2026-10-08 10:45,67.27,0.99,175.20
2026-10-08,2026-10-08 09:00:00,2026-10-08 11:00,134.82,0.50,175.20
2026-10-08,2026-10-08 09:15:00,2026-10-08 11:15,115.21,0.01,157.59
2026-10-08,2026-10-08 09:30:00,2026-10-08 11:30,97.57,0.00,149.30
2026-10-08,2026-10-08 09:45:00,2026-10-08 11:45,55.77,0.00,146.83
2026-10-08,2026-10-08 10:00:00,2026-10-08 12:00,63.01,0.00,138.20
2026-10-08,2026-10-08 10:15:00,2026-10-08 12:15,56.36,0.00,137.94
2026-10-08,2026-10-08 10:30:00,2026-10-08 12:30,42.32,0.00,137.68
2026-10-08,2026-10-08 10:45:00,2026-10-08 12:45,45.86,0.00,137.55
2026-10-08,2026-10-08 11:00:00,2026-10-08 13:00,58.02,0.00,137.42
2026-10-08,2026-10-08 11:15:00,2026-10-08 13:15,50.54,0.00,135.00
2026-10-08,2026-10-08 11:30:00,2026-10-08 13:30,50.07,0.00,133.66
2026-10-08,2026-10-08 11:45:00,2026-10-08 13:45,48.92,0.00,130.00
2026-10-08,2026-10-08 12:00:00,2026-10-08 14:00,48.73,0.00,117.13
2026-10-08,2026-10-08 12:15:00,2026-10-08 14:15,39.82,0.00,110.00
2026-10-08,2026-10-08 12:30:00,2026-10-08 14:30,33.02,0.00,105.24
2026-10-08,2026-10-08 12:45:00,2026-10-08 14:45,32.85,0.00,105.24
2026-10-08,2026-10-08 13:00:00,2026-10-08 15:00,34.34,0.00,89.90
2026-10-08,2026-10-08 13:15:00,2026-10-08 15:15,33.91,0.00,85.14
2026-10-08,2026-10-08 13:30:00,2026-10-08 15:30,33.04,0.00,85.14
2026-10-08,2026-10-08 13:45:00,2026-10-08 15:45,33.03,0.00,85.14
2026-10-08,2026-10-08 14:00:00,2026-10-08 16:00,35.66,0.00,80.80
2026-10-08,2026-10-08 14:15:00,2026-10-08 16:15,34.52,0.00,80.80
2026-10-08,2026-10-08 14:30:00,2026-10-08 16:30,35.11,0.01,94.82
2026-10-08,2026-10-08 14:45:00,2026-10-08 16:45,38.50,0.42,105.24
2026-10-08,2026-10-08 15:00:00,2026-10-08 17:00,57.41,0.00,130.00
2026-10-08,2026-10-08 15:15:00,2026-10-08 17:15,59.04,0.10,135.56
2026-10-08,2026-10-08 15:30:00,2026-10-08 17:30,61.04,1.00,138.07
2026-10-08,2026-10-08 15:45:00,2026-10-08 17:45,64.50,6.03,147.08
2026-10-08,2026-10-08 16:00:00,2026-10-08 18:00,116.18,5.00,138.41
2026-10-08,2026-10-08 16:15:00,2026-10-08 18:15,138.30,70.47,175.45
2026-10-08,2026-10-08 16:30:00,2026-10-08 18:30,156.50,126.83,198.56
2026-10-08,2026-10-08 16:45:00,2026-10-08 18:45,171.37,155.96,210.00
2026-10-08,2026-10-08 17:00:00,2026-10-08 19:00,182.73,145.18,210.00
2026-10-08,2026-10-08 17:15:00,2026-10-08 19:15,192.02,173.15,231.07
2026-10-08,2026-10-08 17:30:00,2026-10-08 19:30,212.42,189.96,237.12
2026-10-08,2026-10-08 17:45:00,2026-10-08 19:45,208.22,197.59,230.00
2026-10-08,2026-10-08 18:00:00,2026-10-08 20:00,205.67,196.13,226.69
2026-10-08,2026-10-08 18:15:00,2026-10-08 20:15,209.22,203.80,216.50
2026-10-08,2026-10-08 18:30:00,2026-10-08 20:30,215.54,200.00,212.01
2026-10-08,2026-10-08 18:45:00,2026-10-08 20:45,216.30,195.28,210.86
2026-10-08,2026-10-08 19:00:00,2026-10-08 21:00,198.83,188.33,210.00
2026-10-08,2026-10-08 19:15:00,2026-10-08 21:15,204.11,187.14,205.01
2026-10-08,2026-10-08 19:30:00,2026-10-08 21:30,212.36,188.08,204.02
2026-10-08,2026-10-08 19:45:00,2026-10-08 21:45,206.78,182.98,201.20
2026-10-08,2026-10-08 20:00:00,2026-10-08 22:00,203.48,181.40,204.02
2026-10-08,2026-10-08 20:15:00,2026-10-08 22:15,207.32,177.00,201.20
2026-10-08,2026-10-08 20:30:00,2026-10-08 22:30,196.89,177.99,198.56
2026-10-08,2026-10-08 20:45:00,2026-10-08 22:45,194.53,174.31,196.85
2026-10-08,2026-10-08 21:00:00,2026-10-08 23:00,180.28,172.23,195.40
2026-10-08,2026-10-08 21:15:00,2026-10-08 23:15,176.13,160.60,188.35
2026-10-08,2026-10-08 21:30:00,2026-10-08 23:30,164.50,156.91,169.39
2026-10-08,2026-10-08 21:45:00,2026-10-08 23:45,154.97,149.00,157.59
